"Address","Content Type","Status Code","Status","Indexability","Indexability Status","Title 1","Title 1 Length","Title 1 Pixel Width","Meta Description 1","Meta Description 1 Length","Meta Description 1 Pixel Width","Meta Keywords 1","Meta Keywords 1 Length","H1-1","H1-1 Length","H1-2","H1-2 Length","H2-1","H2-1 Length","H2-2","H2-2 Length","Meta Robots 1","X-Robots-Tag 1","Meta Refresh 1","Canonical Link Element 1","rel=""next"" 1","rel=""prev"" 1","HTTP rel=""next"" 1","HTTP rel=""prev"" 1","amphtml Link Element","Size (bytes)","Transferred (bytes)","Total Transferred (bytes)","CO2 (mg)","Carbon Rating","Word Count","Sentence Count","Average Words Per Sentence","Flesch Reading Ease Score","Readability","Text Ratio","Crawl Depth","Folder Depth","Link Score","Inlinks","Unique Inlinks","Unique JS Inlinks","% of Total","Outlinks","Unique Outlinks","Unique JS Outlinks","External Outlinks","Unique External Outlinks","Unique External JS Outlinks","Closest Near Duplicate Match","No. Near Duplicates","Spelling Errors","Grammar Errors","Hash","Response Time","Last Modified","Redirect URL","Redirect Type","Cookies","Language","HTTP Version","Mobile Alternate Link","Closest Semantically Similar Address","Semantic Similarity Score","No. Semantically Similar","Semantic Relevance Score","URL Encoded Address","Crawl Timestamp"
"https://artformplasticsurgery.com/","text/html; charset=UTF-8","200","OK","Indexable","","Home - artformplasticsurgery.com","32","307","Unlock Your Natural Radiance with Expert Care Book A Consultation How Can We Help You? At Art Form Plastic Surgery, we specialize in enhancing natural beauty. Led by renowned Facial Plastic and Reconstructive Surgeon, Dr. Christopher Kieliszak, our practice is dedicated to delivering exceptional patient care and clinical results. Explore Our Comprehensive Services Services include:","384","2373","","0","Unlock Your Natural Radiance with Expert Care","45","","0","Welcome to Art Form Plastic Surgery","35","What Services We Offer","22","max-image-preview:large","","","https://artformplasticsurgery.com/","","","","","","263811","46228","46228","17.709","","710","145","4.897","63.884","Normal","1.892","0","0","","133","32","0","100.000","45","16","0","2","2","0","","","","","2982a5b950d4ee61ed72ae41ac3d5def","0.070","","","","","en-US","1.1","","","","","","https://artformplasticsurgery.com/","2026-06-03 20:24:30"
"https://artformplasticsurgery.com/wp-content/plugins/astra-sites/inc/lib/onboarding/assets/dist/template-preview/main.js?ver=09382f635556bec359b3","application/x-javascript","200","OK","Indexable","","","0","0","","0","0","","0","","0","","0","","0","","0","","","","","","","","","","2280","2280","2280","0.873","","0","","","","","0.000","1","9","","0","0","0","0.000","0","0","0","0","0","0","","","","","","0.071","Tue, 09 Dec 2025 18:12:23 GMT","","","","","1.1","","","","","","https://artformplasticsurgery.com/wp-content/plugins/astra-sites/inc/lib/onboarding/assets/dist/template-preview/main.js?ver=09382f635556bec359b3","2026-06-03 20:24:32"
"https://artformplasticsurgery.com/wp-content/plugins/jeg-elementor-kit/assets/js/elements/testimonials.js?ver=3.1.2","application/x-javascript","200","OK","Indexable","","","0","0","","0","0","","0","","0","","0","","0","","0","","","","","","","","","","1136","1136","1136","0.435","","0","","","","","0.000","1","6","","0","0","0","0.000","0","0","0","0","0","0","","","","","","0.227","Tue, 12 May 2026 18:27:31 GMT","","","","","1.1","","","","","","https://artformplasticsurgery.com/wp-content/plugins/jeg-elementor-kit/assets/js/elements/testimonials.js?ver=3.1.2","2026-06-03 20:24:32"
"https://artformplasticsurgery.com/wp-content/plugins/metform/public/assets/lib/cute-alert/style.css?ver=4.1.3","text/css","200","OK","Indexable","","","0","0","","0","0","","0","","0","","0","","0","","0","","","","","","","","","","1217","1217","1217","0.466","","0","","","","","0.000","1","7","","0","0","0","0.000","0","0","0","0","0","0","","","","","","0.230","Tue, 28 Apr 2026 18:29:32 GMT","","","","","1.1","","","","","","https://artformplasticsurgery.com/wp-content/plugins/metform/public/assets/lib/cute-alert/style.css?ver=4.1.3","2026-06-03 20:24:32"
"https://artformplasticsurgery.com/wp-content/plugins/elementor/assets/lib/font-awesome/css/solid.css?ver=5.15.3","text/css","200","OK","Indexable","","","0","0","","0","0","","0","","0","","0","","0","","0","","","","","","","","","","327","327","327","0.125","","0","","","","","0.000","1","7","","0","0","0","0.000","0","0","0","0","0","0","","","","","","0.232","Tue, 05 May 2026 18:27:49 GMT","","","","","1.1","","","","","","https://artformplasticsurgery.com/wp-content/plugins/elementor/assets/lib/font-awesome/css/solid.css?ver=5.15.3","2026-06-03 20:24:32"
"https://artformplasticsurgery.com/wp-content/plugins/elementor/assets/css/widget-icon-list.min.css?ver=3.24.3","text/css","200","OK","Indexable","","","0","0","","0","0","","0","","0","","0","","0","","0","","","","","","","","","","1016","1016","1016","0.389","","0","","","","","0.000","1","5","","0","0","0","0.000","0","0","0","0","0","0","","","","","","0.225","Tue, 05 May 2026 18:27:49 GMT","","","","","1.1","","","","","","https://artformplasticsurgery.com/wp-content/plugins/elementor/assets/css/widget-icon-list.min.css?ver=3.24.3","2026-06-03 20:24:32"
"https://artformplasticsurgery.com/wp-content/uploads/elementor/css/post-975.css?ver=1780425103","text/css","200","OK","Indexable","","","0","0","","0","0","","0","","0","","0","","0","","0","","","","","","","","","","7865","7865","7865","3.013","","0","","","","","0.000","1","4","","0","0","0","0.000","0","0","0","0","0","0","","","","","","0.219","Tue, 02 Jun 2026 18:31:43 GMT","","","","","1.1","","","","","","https://artformplasticsurgery.com/wp-content/uploads/elementor/css/post-975.css?ver=1780425103","2026-06-03 20:24:33"
"https://artformplasticsurgery.com/wp-content/plugins/google-site-kit/dist/assets/js/googlesitekit-events-provider-wpforms-b35450445f9cb0eeb855.js","application/x-javascript","200","OK","Indexable","","","0","0","","0","0","","0","","0","","0","","0","","0","","","","","","","","","","633","633","633","0.242","","0","","","","","0.000","1","6","","0","0","0","0.000","0","0","0","0","0","0","","","","","","0.218","Mon, 02 Dec 2024 09:41:19 GMT","","","","","1.1","","","","","","https://artformplasticsurgery.com/wp-content/plugins/google-site-kit/dist/assets/js/googlesitekit-events-provider-wpforms-b35450445f9cb0eeb855.js","2026-06-03 20:24:33"
"https://artformplasticsurgery.com/wp-content/plugins/header-footer-elementor/assets/css/header-footer-elementor.css?ver=2.5.2","text/css","200","OK","Indexable","","","0","0","","0","0","","0","","0","","0","","0","","0","","","","","","","","","","322","322","322","0.123","","0","","","","","0.000","1","5","","0","0","0","0.000","0","0","0","0","0","0","","","","","","0.223","Tue, 14 Oct 2025 18:09:22 GMT","","","","","1.1","","","","","","https://artformplasticsurgery.com/wp-content/plugins/header-footer-elementor/assets/css/header-footer-elementor.css?ver=2.5.2","2026-06-03 20:24:33"
"https://artformplasticsurgery.com/wp-content/plugins/elementor/assets/lib/swiper/v8/swiper.min.js?ver=8.4.5","application/x-javascript","200","OK","Indexable","","","0","0","","0","0","","0","","0","","0","","0","","0","","","","","","","","","","39695","39695","39695","15.206","","0","","","","","0.000","1","7","","0","0","0","0.000","0","0","0","0","0","0","","","","","","0.221","Tue, 05 May 2026 18:27:49 GMT","","","","","1.1","","","","","","https://artformplasticsurgery.com/wp-content/plugins/elementor/assets/lib/swiper/v8/swiper.min.js?ver=8.4.5","2026-06-03 20:24:33"
"https://artformplasticsurgery.com/wp-content/plugins/header-footer-elementor/inc/widgets-css/frontend.css?ver=2.5.2","text/css","200","OK","Indexable","","","0","0","","0","0","","0","","0","","0","","0","","0","","","","","","","","","","8581","8581","8581","3.287","","0","","","","","0.000","1","5","","0","0","0","0.000","0","0","0","0","0","0","","","","","","0.224","Tue, 14 Oct 2025 18:09:22 GMT","","","","","1.1","","","","","","https://artformplasticsurgery.com/wp-content/plugins/header-footer-elementor/inc/widgets-css/frontend.css?ver=2.5.2","2026-06-03 20:24:33"
"https://artformplasticsurgery.com/wp-content/plugins/elementor/assets/lib/eicons/css/elementor-icons.min.css?ver=5.48.0","text/css","200","OK","Indexable","","","0","0","","0","0","","0","","0","","0","","0","","0","","","","","","","","","","4376","4376","4376","1.676","","0","","","","","0.000","1","7","","0","0","0","0.000","0","0","0","0","0","0","","","","","","0.218","Tue, 05 May 2026 18:27:49 GMT","","","","","1.1","","","","","","https://artformplasticsurgery.com/wp-content/plugins/elementor/assets/lib/eicons/css/elementor-icons.min.css?ver=5.48.0","2026-06-03 20:24:33"
"https://artformplasticsurgery.com/wp-content/plugins/elementor/assets/lib/animations/styles/fadeInDown.min.css?ver=4.0.6","text/css","200","OK","Indexable","","","0","0","","0","0","","0","","0","","0","","0","","0","","","","","","","","","","137","137","137","0.052","","0","","","","","0.000","1","7","","0","0","0","0.000","0","0","0","0","0","0","","","","","","0.217","Tue, 05 May 2026 18:27:49 GMT","","","","","1.1","","","","","","https://artformplasticsurgery.com/wp-content/plugins/elementor/assets/lib/animations/styles/fadeInDown.min.css?ver=4.0.6","2026-06-03 20:24:33"
"https://artformplasticsurgery.com/wp-content/uploads/elementor/css/post-969.css?ver=1780425103","text/css","200","OK","Indexable","","","0","0","","0","0","","0","","0","","0","","0","","0","","","","","","","","","","1374","1374","1374","0.526","","0","","","","","0.000","1","4","","0","0","0","0.000","0","0","0","0","0","0","","","","","","0.216","Tue, 02 Jun 2026 18:31:43 GMT","","","","","1.1","","","","","","https://artformplasticsurgery.com/wp-content/uploads/elementor/css/post-969.css?ver=1780425103","2026-06-03 20:24:33"
"https://artformplasticsurgery.com/functional/","text/html; charset=UTF-8","200","OK","Indexable","","Reconstructive and Functional - artformplasticsurgery.com","57","522","Reconstructive and Functional Procedures Our Services What Services We Offer View Pricing Information Here (813) 563-3735 Lumps and Bumps RemovalLumps and bumps removal includes excision of cysts, lipomas, and other benign growths beneath the skin. The procedure is performed under local anesthesia with careful attention to cosmetic closure. Most removals are completed in less than","383","2450","","0","Reconstructive and Functional","29","","0","Reconstructive and Functional Procedures","40","What Services We Offer","22","max-image-preview:large","","","https://artformplasticsurgery.com/functional/","","","","","","240248","41862","41862","16.037","","689","134","5.142","43.590","Hard","2.208","1","1","","69","32","0","100.000","49","16","0","3","3","0","","","","","92760dfbad5b9335f1c0a012f0242d67","0.645","","","","","en-US","1.1","","","","","","https://artformplasticsurgery.com/functional/","2026-06-03 20:24:32"
"https://artformplasticsurgery.com/wp-content/themes/astra/assets/js/minified/frontend.min.js?ver=4.13.1","application/x-javascript","200","OK","Indexable","","","0","0","","0","0","","0","","0","","0","","0","","0","","","","","","","","","","5894","5894","5894","2.258","","0","","","","","0.000","1","6","","0","0","0","0.000","0","0","0","0","0","0","","","","","","0.072","Tue, 28 Apr 2026 18:29:05 GMT","","","","","1.1","","","","","","https://artformplasticsurgery.com/wp-content/themes/astra/assets/js/minified/frontend.min.js?ver=4.13.1","2026-06-03 20:24:33"
"https://artformplasticsurgery.com/wp-content/plugins/elementor/assets/lib/font-awesome/css/solid.min.css?ver=5.15.3","text/css","200","OK","Indexable","","","0","0","","0","0","","0","","0","","0","","0","","0","","","","","","","","","","311","311","311","0.119","","0","","","","","0.000","1","7","","0","0","0","0.000","0","0","0","0","0","0","","","","","","0.217","Tue, 05 May 2026 18:27:49 GMT","","","","","1.1","","","","","","https://artformplasticsurgery.com/wp-content/plugins/elementor/assets/lib/font-awesome/css/solid.min.css?ver=5.15.3","2026-06-03 20:24:33"
"https://artformplasticsurgery.com/wp-content/plugins/jeg-elementor-kit/assets/js/elements/fun-fact.js?ver=3.1.2","application/x-javascript","200","OK","Indexable","","","0","0","","0","0","","0","","0","","0","","0","","0","","","","","","","","","","901","901","901","0.345","","0","","","","","0.000","1","6","","0","0","0","0.000","0","0","0","0","0","0","","","","","","0.222","Tue, 12 May 2026 18:27:31 GMT","","","","","1.1","","","","","","https://artformplasticsurgery.com/wp-content/plugins/jeg-elementor-kit/assets/js/elements/fun-fact.js?ver=3.1.2","2026-06-03 20:24:33"
"https://artformplasticsurgery.com/wp-content/plugins/elementor/assets/css/widget-icon-list.min.css?ver=4.0.6","text/css","200","OK","Indexable","","","0","0","","0","0","","0","","0","","0","","0","","0","","","","","","","","","","1016","1016","1016","0.389","","0","","","","","0.000","1","5","","0","0","0","0.000","0","0","0","0","0","0","","","","","","0.218","Tue, 05 May 2026 18:27:49 GMT","","","","","1.1","","","","","","https://artformplasticsurgery.com/wp-content/plugins/elementor/assets/css/widget-icon-list.min.css?ver=4.0.6","2026-06-03 20:24:33"
"https://artformplasticsurgery.com/wp-content/plugins/instagram-feed/css/sbi-styles.min.css?ver=6.9.1","text/css","200","OK","Indexable","","","0","0","","0","0","","0","","0","","0","","0","","0","","","","","","","","","","8764","8764","8764","3.357","","0","","","","","0.000","1","4","","0","0","0","0.000","0","0","0","0","0","0","","","","","","0.226","Tue, 03 Jun 2025 17:51:44 GMT","","","","","1.1","","","","","","https://artformplasticsurgery.com/wp-content/plugins/instagram-feed/css/sbi-styles.min.css?ver=6.9.1","2026-06-03 20:24:33"
"https://artformplasticsurgery.com/wp-includes/js/jquery/jquery.min.js?ver=3.7.1","application/x-javascript","200","OK","Indexable","","","0","0","","0","0","","0","","0","","0","","0","","0","","","","","","","","","","30364","30364","30364","11.632","","0","","","","","0.000","1","3","","0","0","0","0.000","0","0","0","0","0","0","","","","","","0.219","Mon, 21 Oct 2024 17:28:03 GMT","","","","","1.1","","","","","","https://artformplasticsurgery.com/wp-includes/js/jquery/jquery.min.js?ver=3.7.1","2026-06-03 20:24:33"
"https://artformplasticsurgery.com/wp-content/uploads/elementor/thumbs/071224-DRCK-1030-Edit-scaled-e1730121841699-qw84nnmeqsjuji9uju2fnnv5cay40bynwu6jrws6bc.jpg","image/jpeg","200","OK","Indexable","","","0","0","","0","0","","0","","0","","0","","0","","0","","","","","","","","","","100701","100701","100701","38.577","","0","","","","","0.000","1","4","","0","0","0","0.000","0","0","0","0","0","0","","","","","","0.217","Thu, 31 Oct 2024 20:54:05 GMT","","","","","1.1","","","","","","https://artformplasticsurgery.com/wp-content/uploads/elementor/thumbs/071224-DRCK-1030-Edit-scaled-e1730121841699-qw84nnmeqsjuji9uju2fnnv5cay40bynwu6jrws6bc.jpg","2026-06-03 20:24:33"
"https://artformplasticsurgery.com/wp-content/plugins/elementor/assets/css/conditionals/e-swiper.min.css?ver=4.0.6","text/css","200","OK","Indexable","","","0","0","","0","0","","0","","0","","0","","0","","0","","","","","","","","","","788","788","788","0.302","","0","","","","","0.000","1","6","","0","0","0","0.000","0","0","0","0","0","0","","","","","","0.215","Tue, 05 May 2026 18:27:49 GMT","","","","","1.1","","","","","","https://artformplasticsurgery.com/wp-content/plugins/elementor/assets/css/conditionals/e-swiper.min.css?ver=4.0.6","2026-06-03 20:24:33"
"https://artformplasticsurgery.com/wp-content/plugins/elementor/assets/lib/font-awesome/css/fontawesome.min.css?ver=5.15.3","text/css","200","OK","Indexable","","","0","0","","0","0","","0","","0","","0","","0","","0","","","","","","","","","","12427","12427","12427","4.761","","0","","","","","0.000","1","7","","0","0","0","0.000","0","0","0","0","0","0","","","","","","0.225","Tue, 05 May 2026 18:27:49 GMT","","","","","1.1","","","","","","https://artformplasticsurgery.com/wp-content/plugins/elementor/assets/lib/font-awesome/css/fontawesome.min.css?ver=5.15.3","2026-06-03 20:24:33"
"https://artformplasticsurgery.com/wp-content/plugins/jeg-elementor-kit/assets/js/tiny-slider/tiny-slider.js?ver=2.9.3","application/x-javascript","200","OK","Indexable","","","0","0","","0","0","","0","","0","","0","","0","","0","","","","","","","","","","12790","12790","12790","4.900","","0","","","","","0.000","1","6","","0","0","0","0.000","0","0","0","0","0","0","","","","","","0.223","Tue, 12 May 2026 18:27:31 GMT","","","","","1.1","","","","","","https://artformplasticsurgery.com/wp-content/plugins/jeg-elementor-kit/assets/js/tiny-slider/tiny-slider.js?ver=2.9.3","2026-06-03 20:24:33"
"https://artformplasticsurgery.com/wp-content/plugins/elementor/assets/lib/animations/styles/fadeInUp.min.css?ver=4.0.6","text/css","200","OK","Indexable","","","0","0","","0","0","","0","","0","","0","","0","","0","","","","","","","","","","130","130","130","0.050","","0","","","","","0.000","1","7","","0","0","0","0.000","0","0","0","0","0","0","","","","","","0.218","Tue, 05 May 2026 18:27:49 GMT","","","","","1.1","","","","","","https://artformplasticsurgery.com/wp-content/plugins/elementor/assets/lib/animations/styles/fadeInUp.min.css?ver=4.0.6","2026-06-03 20:24:33"
"https://artformplasticsurgery.com/wp-content/plugins/elementor-pro/assets/js/frontend.min.js?ver=3.15.0","application/x-javascript","200","OK","Indexable","","","0","0","","0","0","","0","","0","","0","","0","","0","","","","","","","","","","6541","6541","6541","2.506","","0","","","","","0.000","1","5","","0","0","0","0.000","0","0","0","0","0","0","","","","","","0.225","Mon, 21 Oct 2024 19:22:06 GMT","","","","","1.1","","","","","","https://artformplasticsurgery.com/wp-content/plugins/elementor-pro/assets/js/frontend.min.js?ver=3.15.0","2026-06-03 20:24:33"
"https://artformplasticsurgery.com/skincare/","text/html; charset=UTF-8","200","OK","Indexable","","SKINCARE - artformplasticsurgery.com","36","346","Skincare Our Services What Services We Offer View Pricing Information Here (813) 563-3735 SkincareProfessional skincare treatments are designed to maintain healthy, radiant skin and enhance the results of aesthetic procedures. Customized regimens may include medical-grade products, chemical peels, and maintenance treatments tailored to your skin type and concerns. Regular skincare supports collagen health, improves texture,","427","2684","","0","","0","","0","Skincare","8","What Services We Offer","22","max-image-preview:large","","","https://artformplasticsurgery.com/skincare/","","","","","","205396","38387","38387","14.705","","192","55","3.491","56.564","Fairly Hard","0.951","1","1","","69","32","0","100.000","44","16","0","3","3","0","","","","","93005bb02f68c9efebc3500371a12943","0.216","","","","","en-US","1.1","","","","","","https://artformplasticsurgery.com/skincare/","2026-06-03 20:24:33"
"https://artformplasticsurgery.com/wp-content/plugins/elementor/assets/lib/font-awesome/js/v4-shims.min.js?ver=4.0.6","application/x-javascript","200","OK","Indexable","","","0","0","","0","0","","0","","0","","0","","0","","0","","","","","","","","","","4145","4145","4145","1.588","","0","","","","","0.000","1","7","","0","0","0","0.000","0","0","0","0","0","0","","","","","","0.226","Tue, 05 May 2026 18:27:49 GMT","","","","","1.1","","","","","","https://artformplasticsurgery.com/wp-content/plugins/elementor/assets/lib/font-awesome/js/v4-shims.min.js?ver=4.0.6","2026-06-03 20:24:34"
"https://artformplasticsurgery.com/wp-content/plugins/elementor/assets/lib/font-awesome/css/all.min.css?ver=4.0.6","text/css","200","OK","Indexable","","","0","0","","0","0","","0","","0","","0","","0","","0","","","","","","","","","","12680","12680","12680","4.857","","0","","","","","0.000","1","7","","0","0","0","0.000","0","0","0","0","0","0","","","","","","0.071","Tue, 05 May 2026 18:27:49 GMT","","","","","1.1","","","","","","https://artformplasticsurgery.com/wp-content/plugins/elementor/assets/lib/font-awesome/css/all.min.css?ver=4.0.6","2026-06-03 20:24:34"
"https://artformplasticsurgery.com/wp-content/plugins/elementor-pro/assets/js/preloaded-elements-handlers.min.js?ver=3.15.0","application/x-javascript","200","OK","Indexable","","","0","0","","0","0","","0","","0","","0","","0","","0","","","","","","","","","","42300","42300","42300","16.204","","0","","","","","0.000","1","5","","0","0","0","0.000","0","0","0","0","0","0","","","","","","0.225","Mon, 21 Oct 2024 19:22:06 GMT","","","","","1.1","","","","","","https://artformplasticsurgery.com/wp-content/plugins/elementor-pro/assets/js/preloaded-elements-handlers.min.js?ver=3.15.0","2026-06-03 20:24:34"
"https://artformplasticsurgery.com/book-consultation/","text/html; charset=UTF-8","200","OK","Indexable","","Book Consultation - artformplasticsurgery.com","45","415","Book a Consultation","19","126","","0","","0","","0","Book a Consultation","19","Contact","7","max-image-preview:large","","","https://artformplasticsurgery.com/book-consultation/","","","","","","160465","30235","30235","11.582","","20","8","2.500","47.788","Hard","0.467","1","1","","229","32","0","100.000","38","15","0","2","2","0","","","","","824b73062964a9939ff7d3e70a6d566e","0.224","","","","","en-US","1.1","","","","","","https://artformplasticsurgery.com/book-consultation/","2026-06-03 20:24:34"
"https://artformplasticsurgery.com/wp-content/plugins/jeg-elementor-kit/assets/css/elements/main.css?ver=3.1.2","text/css","200","OK","Indexable","","","0","0","","0","0","","0","","0","","0","","0","","0","","","","","","","","","","24858","24858","24858","9.523","","0","","","","","0.000","1","6","","0","0","0","0.000","0","0","0","0","0","0","","","","","","0.075","Tue, 12 May 2026 18:27:31 GMT","","","","","1.1","","","","","","https://artformplasticsurgery.com/wp-content/plugins/jeg-elementor-kit/assets/css/elements/main.css?ver=3.1.2","2026-06-03 20:24:34"
"https://artformplasticsurgery.com/contact/","text/html; charset=UTF-8","200","OK","Indexable","","Contact - artformplasticsurgery.com","35","323","Get In Touch Contact Us To Schedule Your Consultation Get Consultation Phone : (813) 563-3735 Location 1 : 801 2nd St N. Safety Harbor, FL 34695 Location 2 : 1000 W Kennedy Blvd #202, Tampa, FL 33606 Email : info@artformplasticsurgery.com Open Hours Monday - Friday: 08:00AM - 05:00PM Saturday & Sunday: By appointment only How","327","2127","","0","","0","","0","Contact Us To Schedule Your Consultation","40","Contact","7","max-image-preview:large","","","https://artformplasticsurgery.com/contact/","","","","","","188661","34418","34418","13.185","","106","37","2.865","97.778","Very Easy","0.670","1","1","","67","32","0","100.000","38","15","0","2","2","0","","","","","2167653671b957c5b422c331d64c552c","0.221","","","","","en-US","1.1","","","","","","https://artformplasticsurgery.com/contact/","2026-06-03 20:24:34"
"https://artformplasticsurgery.com/wp-content/plugins/elementor/assets/lib/font-awesome/css/fontawesome.css?ver=5.15.3","text/css","200","OK","Indexable","","","0","0","","0","0","","0","","0","","0","","0","","0","","","","","","","","","","12914","12914","12914","4.947","","0","","","","","0.000","1","7","","0","0","0","0.000","0","0","0","0","0","0","","","","","","0.074","Tue, 05 May 2026 18:27:49 GMT","","","","","1.1","","","","","","https://artformplasticsurgery.com/wp-content/plugins/elementor/assets/lib/font-awesome/css/fontawesome.css?ver=5.15.3","2026-06-03 20:24:34"
"https://artformplasticsurgery.com/wp-content/plugins/jeg-elementor-kit/assets/js/tiny-slider/tiny-slider.css?ver=2.9.3","text/css","200","OK","Indexable","","","0","0","","0","0","","0","","0","","0","","0","","0","","","","","","","","","","739","739","739","0.283","","0","","","","","0.000","1","6","","0","0","0","0.000","0","0","0","0","0","0","","","","","","0.216","Tue, 12 May 2026 18:27:31 GMT","","","","","1.1","","","","","","https://artformplasticsurgery.com/wp-content/plugins/jeg-elementor-kit/assets/js/tiny-slider/tiny-slider.css?ver=2.9.3","2026-06-03 20:24:34"
"https://artformplasticsurgery.com/wp-content/plugins/elementor/assets/css/frontend.min.css?ver=4.0.6","text/css","200","OK","Indexable","","","0","0","","0","0","","0","","0","","0","","0","","0","","","","","","","","","","7215","7215","7215","2.764","","0","","","","","0.000","1","5","","0","0","0","0.000","0","0","0","0","0","0","","","","","","0.224","Tue, 05 May 2026 18:27:49 GMT","","","","","1.1","","","","","","https://artformplasticsurgery.com/wp-content/plugins/elementor/assets/css/frontend.min.css?ver=4.0.6","2026-06-03 20:24:34"
"https://artformplasticsurgery.com/wp-content/plugins/elementor/assets/lib/font-awesome/css/v4-shims.min.css?ver=4.0.6","text/css","200","OK","Indexable","","","0","0","","0","0","","0","","0","","0","","0","","0","","","","","","","","","","4132","4132","4132","1.583","","0","","","","","0.000","1","7","","0","0","0","0.000","0","0","0","0","0","0","","","","","","0.220","Tue, 05 May 2026 18:27:49 GMT","","","","","1.1","","","","","","https://artformplasticsurgery.com/wp-content/plugins/elementor/assets/lib/font-awesome/css/v4-shims.min.css?ver=4.0.6","2026-06-03 20:24:34"
"https://artformplasticsurgery.com/wp-content/plugins/elementor/assets/js/webpack.runtime.min.js?ver=4.0.6","application/x-javascript","200","OK","Indexable","","","0","0","","0","0","","0","","0","","0","","0","","0","","","","","","","","","","2502","2502","2502","0.958","","0","","","","","0.000","1","5","","0","0","0","0.000","0","0","0","0","0","0","","","","","","0.228","Tue, 05 May 2026 18:27:49 GMT","","","","","1.1","","","","","","https://artformplasticsurgery.com/wp-content/plugins/elementor/assets/js/webpack.runtime.min.js?ver=4.0.6","2026-06-03 20:24:34"
"https://artformplasticsurgery.com/wp-includes/js/dist/hooks.min.js?ver=2810c76e705dd1a53b18","application/x-javascript","200","OK","Indexable","","","0","0","","0","0","","0","","0","","0","","0","","0","","","","","","","","","","1537","1537","1537","0.589","","0","","","","","0.000","1","3","","0","0","0","0.000","0","0","0","0","0","0","","","","","","0.227","Mon, 21 Oct 2024 17:28:03 GMT","","","","","1.1","","","","","","https://artformplasticsurgery.com/wp-includes/js/dist/hooks.min.js?ver=2810c76e705dd1a53b18","2026-06-03 20:24:34"
"https://artformplasticsurgery.com/wp-content/plugins/simple-banner/simple-banner.css?ver=3.2.1","text/css","200","OK","Indexable","","","0","0","","0","0","","0","","0","","0","","0","","0","","","","","","","","","","321","321","321","0.123","","0","","","","","0.000","1","3","","0","0","0","0.000","0","0","0","0","0","0","","","","","","0.219","Fri, 10 Apr 2026 01:36:48 GMT","","","","","1.1","","","","","","https://artformplasticsurgery.com/wp-content/plugins/simple-banner/simple-banner.css?ver=3.2.1","2026-06-03 20:24:34"
"https://artformplasticsurgery.com/hair-restoration/","text/html; charset=UTF-8","200","OK","Indexable","","Hair Restoration - artformplasticsurgery.com","44","398","Hair Restoration Procedures Our Services What Services We Offer View Pricing Information Here (813) 563-3735 Hair TransplantA hair transplant restores natural density by relocating permanent follicles from a donor area to thinning sites using FUE or FUT techniques. Performed under local anesthesia, the procedure requires about one week of recovery. While new growth begins at","377","2355","","0","","0","","0","Hair Restoration Procedures","27","What Services We Offer","22","max-image-preview:large","","","https://artformplasticsurgery.com/hair-restoration/","","","","","","209876","39018","39018","14.947","","295","66","4.470","53.173","Fairly Hard","1.251","1","1","","69","32","0","100.000","45","16","0","3","3","0","","","","","b6face9b72dbd166dce572c357dcf5be","0.221","","","","","en-US","1.1","","","","","","https://artformplasticsurgery.com/hair-restoration/","2026-06-03 20:24:34"
"https://artformplasticsurgery.com/gallery/","text/html; charset=UTF-8","200","OK","Indexable","","Gallery - artformplasticsurgery.com","35","315","Before & After Gallery This page showcases the work of our experienced surgeon and the amazing transformations he has achieved for his patients. We must warn you that some of the images may be graphic in nature, but they demonstrate real results of the work we do. Schedule an Appointment With Us Book Consultation The","318","2022","","0","Before & After Gallery","22","","0","The Next Steps with Dr. K","25","Contact","7","max-image-preview:large","","","https://artformplasticsurgery.com/gallery/","","","","","","182177","33921","33921","12.994","","113","29","3.897","74.857","Fairly Easy","0.716","1","1","","67","32","0","100.000","47","23","0","2","2","0","","","","","59280dd6b68e912e0a7a8d4cdd7ddc18","0.220","","","","","en-US","1.1","","","","","","https://artformplasticsurgery.com/gallery/","2026-06-03 20:24:34"
"https://artformplasticsurgery.com/wp-content/uploads/elementor/thumbs/071224-DRCK-1159-Edit-scaled-qw5ysvh5tiujqc2o7jasmojjxq4awwm6wrg3m9joqg.jpg","image/jpeg","200","OK","Indexable","","","0","0","","0","0","","0","","0","","0","","0","","0","","","","","","","","","","69334","69334","69334","26.561","","0","","","","","0.000","1","4","","0","0","0","0.000","0","0","0","0","0","0","","","","","","0.073","Sun, 27 Oct 2024 07:35:11 GMT","","","","","1.1","","","","","","https://artformplasticsurgery.com/wp-content/uploads/elementor/thumbs/071224-DRCK-1159-Edit-scaled-qw5ysvh5tiujqc2o7jasmojjxq4awwm6wrg3m9joqg.jpg","2026-06-03 20:24:34"
"https://artformplasticsurgery.com/wp-content/uploads/elementor/thumbs/071224-DRCK-0744-Edit-scaled-qw5yggztn7vcjk37mob08b7lrp8ycodovdkgntxou0.jpg","image/jpeg","200","OK","Indexable","","","0","0","","0","0","","0","","0","","0","","0","","0","","","","","","","","","","92777","92777","92777","35.541","","0","","","","","0.000","1","4","","0","0","0","0.000","0","0","0","0","0","0","","","","","","0.220","Sun, 27 Oct 2024 07:27:20 GMT","","","","","1.1","","","","","","https://artformplasticsurgery.com/wp-content/uploads/elementor/thumbs/071224-DRCK-0744-Edit-scaled-qw5yggztn7vcjk37mob08b7lrp8ycodovdkgntxou0.jpg","2026-06-03 20:24:34"
"https://artformplasticsurgery.com/wp-content/plugins/elementor/assets/lib/animations/styles/fadeInRight.min.css?ver=4.0.6","text/css","200","OK","Indexable","","","0","0","","0","0","","0","","0","","0","","0","","0","","","","","","","","","","139","139","139","0.053","","0","","","","","0.000","1","7","","0","0","0","0.000","0","0","0","0","0","0","","","","","","0.070","Tue, 05 May 2026 18:27:49 GMT","","","","","1.1","","","","","","https://artformplasticsurgery.com/wp-content/plugins/elementor/assets/lib/animations/styles/fadeInRight.min.css?ver=4.0.6","2026-06-03 20:24:34"
"https://artformplasticsurgery.com/about-us/","text/html; charset=UTF-8","200","OK","Indexable","","About - artformplasticsurgery.com","33","306","About Art Form Plastic Surgery We're Known For... Modern Technology Board Certified Doctor Satisfied Patients Our Doctors Meet Dr. Kieliszak Dr. Christopher KieliszakCEO Art Form Plastic Surgery Dr. Christopher Kieliszak (“Dr. K”) specializes in Facial Plastic Surgery. He is an expert in surgical and nonsurgical procedures of the Face, Neck and Hair. He is an","361","2203","","0","","0","","0","About Art Form Plastic Surgery","30","Meet Dr. Kieliszak","18","max-image-preview:large","","","https://artformplasticsurgery.com/about-us/","","","","","","196022","35382","35382","13.554","","341","65","5.246","51.165","Fairly Hard","1.462","1","1","","99","32","0","100.000","43","16","0","5","3","0","","","","","6604e9869f72ff4447f8189eda42daaa","0.221","","","","","en-US","1.1","","","","","","https://artformplasticsurgery.com/about-us/","2026-06-03 20:24:34"
"https://artformplasticsurgery.com/wp-content/plugins/elementor/assets/css/widget-social-icons.min.css?ver=3.24.0","text/css","200","OK","Indexable","","","0","0","","0","0","","0","","0","","0","","0","","0","","","","","","","","","","1115","1115","1115","0.427","","0","","","","","0.000","1","5","","0","0","0","0.000","0","0","0","0","0","0","","","","","","0.219","Tue, 05 May 2026 18:27:49 GMT","","","","","1.1","","","","","","https://artformplasticsurgery.com/wp-content/plugins/elementor/assets/css/widget-social-icons.min.css?ver=3.24.0","2026-06-03 20:24:34"
"https://artformplasticsurgery.com/wp-content/plugins/popup-builder/public/js/DebugReport.js?ver=4.4.3","application/x-javascript","200","OK","Indexable","","","0","0","","0","0","","0","","0","","0","","0","","0","","","","","","","","","","634","634","634","0.243","","0","","","","","0.000","1","5","","0","0","0","0.000","0","0","0","0","0","0","","","","","","0.071","Tue, 28 Apr 2026 18:29:40 GMT","","","","","1.1","","","","","","https://artformplasticsurgery.com/wp-content/plugins/popup-builder/public/js/DebugReport.js?ver=4.4.3","2026-06-03 20:24:35"
"https://artformplasticsurgery.com/wp-content/uploads/elementor/thumbs/071224-DRCK-0484-Edit-scaled-qw7luewmbijvmalxjt8sht4qnzlrwxv0t7giirzke0.jpg","image/jpeg","200","OK","Indexable","","","0","0","","0","0","","0","","0","","0","","0","","0","","","","","","","","","","71408","71408","71408","27.355","","0","","","","","0.000","1","4","","0","0","0","0.000","0","0","0","0","0","0","","","","","","0.228","Mon, 28 Oct 2024 23:08:45 GMT","","","","","1.1","","","","","","https://artformplasticsurgery.com/wp-content/uploads/elementor/thumbs/071224-DRCK-0484-Edit-scaled-qw7luewmbijvmalxjt8sht4qnzlrwxv0t7giirzke0.jpg","2026-06-03 20:24:34"
"https://artformplasticsurgery.com/privacy-policy/","text/html; charset=UTF-8","200","OK","Indexable","","Privacy Policy - artformplasticsurgery.com","42","376","Privacy Policy Disclosure Artform Plastic Surgery respects your privacy and is committed to protecting your personal information. Information We Collect: We may collect personal information such as your name, phone number, email address, and other details provided when you contact us, request information, or sign up for updates. How We Use Your Information: Your information","376","2354","","0","","0","","0","Contact","7","","0","max-image-preview:large","","","https://artformplasticsurgery.com/privacy-policy/","","","","","","161133","30614","30614","11.728","","169","29","5.828","47.238","Hard","1.084","1","1","","35","32","0","100.000","38","15","0","2","2","0","","","","","cc66cfffa6ccddc61e1954b9d68c4762","0.222","","","","","en-US","1.1","","","","","","https://artformplasticsurgery.com/privacy-policy/","2026-06-03 20:24:34"
"https://artformplasticsurgery.com/wp-content/plugins/elementor/assets/lib/animations/styles/fadeInLeft.min.css?ver=4.0.6","text/css","200","OK","Indexable","","","0","0","","0","0","","0","","0","","0","","0","","0","","","","","","","","","","137","137","137","0.052","","0","","","","","0.000","1","7","","0","0","0","0.000","0","0","0","0","0","0","","","","","","0.220","Tue, 05 May 2026 18:27:49 GMT","","","","","1.1","","","","","","https://artformplasticsurgery.com/wp-content/plugins/elementor/assets/lib/animations/styles/fadeInLeft.min.css?ver=4.0.6","2026-06-03 20:24:35"
"https://artformplasticsurgery.com/non-surgical-procedures/","text/html; charset=UTF-8","200","OK","Indexable","","Non Surgical Procedures - artformplasticsurgery.com","51","473","Non Surgical Procedures Our Services What Services We Offer View Pricing Information Here Filler (Juvederm, Restylane, various other products)These types of injections are made directly into the skin, and work by restoring volume and reshaping the skin. There are many fillers on the market today. We will help you find the optimal product or combination","354","2180","","0","","0","","0","Non Surgical Procedures","23","What Services We Offer","22","max-image-preview:large","","","https://artformplasticsurgery.com/non-surgical-procedures/","","","","","","256082","43652","43652","16.722","","927","164","5.652","56.812","Fairly Hard","2.586","1","1","","5","3","0","9.380","53","17","0","3","3","0","","","","","e3400df68850a42f89a536575c1985a1","0.070","","","","","en-US","1.1","","","","","","https://artformplasticsurgery.com/non-surgical-procedures/","2026-06-03 20:24:35"
"https://artformplasticsurgery.com/terms-and-conditions/","text/html; charset=UTF-8","200","OK","Indexable","","Terms & Conditions - artformplasticsurgery.com","46","428","SMS Terms of ServiceBy opting in to receive SMS messages from Artform Plastic Surgery through our website, forms, or other communication channels, you consent to receive text messages related to our services. These may include, but are not limited to, appointment reminders, confirmations, updates, promotions, and customer care messages.Message Frequency: Message frequency may vary depending","393","2512","","0","","0","","0","Contact","7","","0","max-image-preview:large","","","https://artformplasticsurgery.com/terms-and-conditions/","","","","","","162196","30835","30835","11.812","","206","43","4.791","49.200","Hard","1.228","1","1","","35","32","0","100.000","41","16","0","2","2","0","","","","","7cbe4c1aca163e0eaa98e297a4384e71","0.218","","","","","en-US","1.1","","","","","","https://artformplasticsurgery.com/terms-and-conditions/","2026-06-03 20:24:35"
"https://artformplasticsurgery.com/blog/","text/html; charset=UTF-8","200","OK","Indexable","","Blog - artformplasticsurgery.com","32","292","Learn More About Our Procedures... edit post Rhinoplasty (Nose Job): Sculpting Confidence and Facial Harmony Rhinoplasty (Nose Job): Sculpting Confidence and Facial Harmony Rhinoplasty, commonly referred to as a “nose job,” is a highly sought-after surgical procedure aimed... Read More edit post Split Earlobe Repair: Restore the Natural Look of Your Earlobes Our Blog Home","374","2351","","0","","0","","0","Learn More About Our Procedures...","34","Contact","7","max-image-preview:large","","","https://artformplasticsurgery.com/blog/","","","","","","188165","34481","34481","13.209","","280","60","4.667","51.631","Fairly Hard","1.335","1","1","","99","32","0","100.000","59","21","0","2","2","0","","","","","c356ee9b912c9884f2388fdbc1689b35","0.221","","","","","en-US","1.1","","","","","","https://artformplasticsurgery.com/blog/","2026-06-03 20:24:35"
"https://artformplasticsurgery.com/wp-content/uploads/elementor/google-fonts/css/inter.css?ver=1750788415","text/css","200","OK","Indexable","","","0","0","","0","0","","0","","0","","0","","0","","0","","","","","","","","","","1351","1351","1351","0.518","","0","","","","","0.000","1","5","","0","0","0","0.000","0","0","0","0","0","0","","","","","","0.220","Tue, 24 Jun 2025 18:06:55 GMT","","","","","1.1","","","","","","https://artformplasticsurgery.com/wp-content/uploads/elementor/google-fonts/css/inter.css?ver=1750788415","2026-06-03 20:24:35"
"https://artformplasticsurgery.com/wp-content/themes/astra/assets/css/minified/main.min.css?ver=4.13.1","text/css","200","OK","Indexable","","","0","0","","0","0","","0","","0","","0","","0","","0","","","","","","","","","","8648","8648","8648","3.313","","0","","","","","0.000","1","6","","0","0","0","0.000","0","0","0","0","0","0","","","","","","0.072","Tue, 28 Apr 2026 18:29:05 GMT","","","","","1.1","","","","","","https://artformplasticsurgery.com/wp-content/themes/astra/assets/css/minified/main.min.css?ver=4.13.1","2026-06-03 20:24:35"
"https://artformplasticsurgery.com/services/","text/html; charset=UTF-8","200","OK","Indexable","","Services - artformplasticsurgery.com","36","329","Services Our Services What Service We Offer Rhinoplasty Read More Botox Injection Read More Facelift Read More Book Now Make An Appointment Opening Hours Monday - Thursday 08.00 - 20.00 Friday 08.00 - 17.00 Saturday 09.00 - 14.00 Sunday 09.00 - 18.00 Get a Free Estimate or Schedule an Appointment With Us Book Consultation Our","327","2118","","0","","0","","0","Services","8","What Service We Offer","21","max-image-preview:large","","","https://artformplasticsurgery.com/services/","","","","","","213680","37666","37666","14.429","","106","44","2.409","88.663","Easy","0.566","1","1","","35","32","0","100.000","38","15","0","6","3","0","","","","","5ecefea4a55bf5795cb2eddb572bd75c","0.071","","","","","en-US","1.1","","","","","","https://artformplasticsurgery.com/services/","2026-06-03 20:24:35"
"https://artformplasticsurgery.com/wp-includes/js/dist/i18n.min.js?ver=5e580eb46a90c2b997e6","application/x-javascript","200","OK","Indexable","","","0","0","","0","0","","0","","0","","0","","0","","0","","","","","","","","","","3667","3667","3667","1.405","","0","","","","","0.000","1","3","","0","0","0","0.000","0","0","0","0","0","0","","","","","","0.070","Mon, 21 Oct 2024 17:28:03 GMT","","","","","1.1","","","","","","https://artformplasticsurgery.com/wp-includes/js/dist/i18n.min.js?ver=5e580eb46a90c2b997e6","2026-06-03 20:24:35"
"https://artformplasticsurgery.com/wp-content/plugins/elementor/assets/css/widget-heading.min.css?ver=4.0.6","text/css","200","OK","Indexable","","","0","0","","0","0","","0","","0","","0","","0","","0","","","","","","","","","","160","160","160","0.061","","0","","","","","0.000","1","5","","0","0","0","0.000","0","0","0","0","0","0","","","","","","0.074","Tue, 05 May 2026 18:27:49 GMT","","","","","1.1","","","","","","https://artformplasticsurgery.com/wp-content/plugins/elementor/assets/css/widget-heading.min.css?ver=4.0.6","2026-06-03 20:24:35"
"https://artformplasticsurgery.com/wp-content/plugins/elementor/assets/css/widget-icon-box.min.css?ver=4.0.6","text/css","200","OK","Indexable","","","0","0","","0","0","","0","","0","","0","","0","","0","","","","","","","","","","434","434","434","0.166","","0","","","","","0.000","1","5","","0","0","0","0.000","0","0","0","0","0","0","","","","","","0.220","Tue, 05 May 2026 18:27:49 GMT","","","","","1.1","","","","","","https://artformplasticsurgery.com/wp-content/plugins/elementor/assets/css/widget-icon-box.min.css?ver=4.0.6","2026-06-03 20:24:35"
"https://artformplasticsurgery.com/wp-content/uploads/elementor/google-fonts/css/montserrat.css?ver=1750788407","text/css","200","OK","Indexable","","","0","0","","0","0","","0","","0","","0","","0","","0","","","","","","","","","","1095","1095","1095","0.419","","0","","","","","0.000","1","5","","0","0","0","0.000","0","0","0","0","0","0","","","","","","0.220","Tue, 24 Jun 2025 18:06:47 GMT","","","","","1.1","","","","","","https://artformplasticsurgery.com/wp-content/uploads/elementor/google-fonts/css/montserrat.css?ver=1750788407","2026-06-03 20:24:35"
"https://artformplasticsurgery.com/wp-content/plugins/elementor/assets/css/widget-spacer.min.css?ver=4.0.6","text/css","200","OK","Indexable","","","0","0","","0","0","","0","","0","","0","","0","","0","","","","","","","","","","334","334","334","0.128","","0","","","","","0.000","1","5","","0","0","0","0.000","0","0","0","0","0","0","","","","","","0.215","Tue, 05 May 2026 18:27:49 GMT","","","","","1.1","","","","","","https://artformplasticsurgery.com/wp-content/plugins/elementor/assets/css/widget-spacer.min.css?ver=4.0.6","2026-06-03 20:24:35"
"https://artformplasticsurgery.com/wp-includes/js/jquery/jquery-migrate.min.js?ver=3.4.1","application/x-javascript","200","OK","Indexable","","","0","0","","0","0","","0","","0","","0","","0","","0","","","","","","","","","","4865","4865","4865","1.864","","0","","","","","0.000","1","3","","0","0","0","0.000","0","0","0","0","0","0","","","","","","0.223","Mon, 21 Oct 2024 17:28:03 GMT","","","","","1.1","","","","","","https://artformplasticsurgery.com/wp-includes/js/jquery/jquery-migrate.min.js?ver=3.4.1","2026-06-03 20:24:35"
"https://artformplasticsurgery.com/wp-content/plugins/elementor/assets/lib/swiper/v8/css/swiper.min.css?ver=8.4.5","text/css","200","OK","Indexable","","","0","0","","0","0","","0","","0","","0","","0","","0","","","","","","","","","","4574","4574","4574","1.752","","0","","","","","0.000","1","8","","0","0","0","0.000","0","0","0","0","0","0","","","","","","0.217","Tue, 05 May 2026 18:27:49 GMT","","","","","1.1","","","","","","https://artformplasticsurgery.com/wp-content/plugins/elementor/assets/lib/swiper/v8/css/swiper.min.css?ver=8.4.5","2026-06-03 20:24:35"
"https://artformplasticsurgery.com/wp-content/uploads/elementor/google-fonts/css/lato.css?ver=1750788416","text/css","200","OK","Indexable","","","0","0","","0","0","","0","","0","","0","","0","","0","","","","","","","","","","606","606","606","0.232","","0","","","","","0.000","1","5","","0","0","0","0.000","0","0","0","0","0","0","","","","","","0.222","Tue, 24 Jun 2025 18:06:56 GMT","","","","","1.1","","","","","","https://artformplasticsurgery.com/wp-content/uploads/elementor/google-fonts/css/lato.css?ver=1750788416","2026-06-03 20:24:35"
"https://artformplasticsurgery.com/payment-plans/","text/html; charset=UTF-8","200","OK","Indexable","","Payment Plans - artformplasticsurgery.com","41","388","","0","0","","0","","0","","0","Contact","7","","0","max-image-preview:large","","","https://artformplasticsurgery.com/payment-plans/","","","","","","160695","30455","30455","11.667","","17","7","2.429","50.099","Fairly Hard","0.454","1","1","","99","32","0","100.000","38","15","0","2","2","0","","","","","a17c505ecb665145c479ded6c630863b","0.221","","","","","en-US","1.1","","","","","","https://artformplasticsurgery.com/payment-plans/","2026-06-03 20:24:35"
"https://artformplasticsurgery.com/wp-includes/js/dist/dom-ready.min.js?ver=f77871ff7694fffea381","application/x-javascript","200","OK","Indexable","","","0","0","","0","0","","0","","0","","0","","0","","0","","","","","","","","","","321","321","321","0.123","","0","","","","","0.000","1","3","","0","0","0","0.000","0","0","0","0","0","0","","","","","","0.220","Mon, 21 Oct 2024 17:28:03 GMT","","","","","1.1","","","","","","https://artformplasticsurgery.com/wp-includes/js/dist/dom-ready.min.js?ver=f77871ff7694fffea381","2026-06-03 20:24:35"
"https://artformplasticsurgery.com/wp-content/plugins/metform/public/assets/lib/cute-alert/cute-alert.js?ver=4.1.3","application/x-javascript","200","OK","Indexable","","","0","0","","0","0","","0","","0","","0","","0","","0","","","","","","","","","","1172","1172","1172","0.449","","0","","","","","0.000","1","7","","0","0","0","0.000","0","0","0","0","0","0","","","","","","0.217","Tue, 28 Apr 2026 18:29:32 GMT","","","","","1.1","","","","","","https://artformplasticsurgery.com/wp-content/plugins/metform/public/assets/lib/cute-alert/cute-alert.js?ver=4.1.3","2026-06-03 20:24:35"
"https://artformplasticsurgery.com/wp-content/plugins/all-in-one-seo-pack/dist/Lite/assets/css/table-of-contents/global.e90f6d47.css?ver=4.9.7.2","text/css","200","OK","Indexable","","","0","0","","0","0","","0","","0","","0","","0","","0","","","","","","","","","","505","505","505","0.193","","0","","","","","0.000","1","8","","0","0","0","0.000","0","0","0","0","0","0","","","","","","0.076","Tue, 26 May 2026 18:30:52 GMT","","","","","1.1","","","","","","https://artformplasticsurgery.com/wp-content/plugins/all-in-one-seo-pack/dist/Lite/assets/css/table-of-contents/global.e90f6d47.css?ver=4.9.7.2","2026-06-03 20:24:36"
"https://artformplasticsurgery.com/wp-content/plugins/elementor/assets/css/widget-image.min.css?ver=4.0.6","text/css","200","OK","Indexable","","","0","0","","0","0","","0","","0","","0","","0","","0","","","","","","","","","","214","214","214","0.082","","0","","","","","0.000","1","5","","0","0","0","0.000","0","0","0","0","0","0","","","","","","0.218","Tue, 05 May 2026 18:27:49 GMT","","","","","1.1","","","","","","https://artformplasticsurgery.com/wp-content/plugins/elementor/assets/css/widget-image.min.css?ver=4.0.6","2026-06-03 20:24:36"
"https://artformplasticsurgery.com/wp-content/plugins/metform/public/assets/css/text-editor.css?ver=4.1.3","text/css","200","OK","Indexable","","","0","0","","0","0","","0","","0","","0","","0","","0","","","","","","","","","","3519","3519","3519","1.348","","0","","","","","0.000","1","6","","0","0","0","0.000","0","0","0","0","0","0","","","","","","0.223","Tue, 28 Apr 2026 18:29:32 GMT","","","","","1.1","","","","","","https://artformplasticsurgery.com/wp-content/plugins/metform/public/assets/css/text-editor.css?ver=4.1.3","2026-06-03 20:24:36"
"https://artformplasticsurgery.com/wp-content/plugins/feeds-for-tiktok/vendor/smashballoon/customizer/sb-common/sb-customizer/build/static/js/tikTokFeed.js?ver=1.1.0","application/x-javascript","200","OK","Indexable","","","0","0","","0","0","","0","","0","","0","","0","","0","","","","","","","","","","73955","73955","73955","28.331","","0","","","","","0.000","1","11","","0","0","0","0.000","0","0","0","0","0","0","","","","","","0.227","Mon, 17 Feb 2025 17:57:48 GMT","","","","","1.1","","","","","","https://artformplasticsurgery.com/wp-content/plugins/feeds-for-tiktok/vendor/smashballoon/customizer/sb-common/sb-customizer/build/static/js/tikTokFeed.js?ver=1.1.0","2026-06-03 20:24:36"
"https://artformplasticsurgery.com/wp-content/plugins/elementor/assets/lib/eicons/css/elementor-icons.min.css?ver=5.34.0","text/css","200","OK","Indexable","","","0","0","","0","0","","0","","0","","0","","0","","0","","","","","","","","","","4376","4376","4376","1.676","","0","","","","","0.000","1","7","","0","0","0","0.000","0","0","0","0","0","0","","","","","","0.221","Tue, 05 May 2026 18:27:49 GMT","","","","","1.1","","","","","","https://artformplasticsurgery.com/wp-content/plugins/elementor/assets/lib/eicons/css/elementor-icons.min.css?ver=5.34.0","2026-06-03 20:24:36"
"https://artformplasticsurgery.com/wp-includes/js/jquery/ui/core.min.js?ver=1.13.3","application/x-javascript","200","OK","Indexable","","","0","0","","0","0","","0","","0","","0","","0","","0","","","","","","","","","","7102","7102","7102","2.721","","0","","","","","0.000","1","4","","0","0","0","0.000","0","0","0","0","0","0","","","","","","0.219","Mon, 21 Oct 2024 17:28:03 GMT","","","","","1.1","","","","","","https://artformplasticsurgery.com/wp-includes/js/jquery/ui/core.min.js?ver=1.13.3","2026-06-03 20:24:36"
"https://artformplasticsurgery.com/cosmetic-procedures/","text/html; charset=UTF-8","200","OK","Indexable","","Cosmetic Procedures - artformplasticsurgery.com","47","445","Cosmetic Procedures Our Services What Services We Offer View Pricing Information Here (813) 563-3735 Facelift, NeckliftA rhytidectomy is surgery to remove excess skin and tighten muscles in the neck and lower part of the face. This helps to improve sagging skin and jowls. A facelift can restore a patient’s confidence and enhance their appearance. Recovery","357","2213","","0","","0","","0","Cosmetic Procedures","19","What Services We Offer","22","max-image-preview:large","","","https://artformplasticsurgery.com/cosmetic-procedures/","","","","","","254105","42685","42685","16.352","","720","160","4.500","57.625","Fairly Hard","2.067","1","1","","70","32","0","100.000","54","16","0","3","3","0","","","","","34b0b1a9bcdf34226ef0da59bfb2f110","0.222","","","","","en-US","1.1","","","","","","https://artformplasticsurgery.com/cosmetic-procedures/","2026-06-03 20:24:36"
"https://artformplasticsurgery.com/wp-content/plugins/elementor-pro/assets/css/widget-mega-menu.min.css?ver=3.26.2","text/css","200","OK","Indexable","","","0","0","","0","0","","0","","0","","0","","0","","0","","","","","","","","","","2660","2660","2660","1.019","","0","","","","","0.000","1","5","","0","0","0","0.000","0","0","0","0","0","0","","","","","","0.221","Mon, 21 Oct 2024 19:22:06 GMT","","","","","1.1","","","","","","https://artformplasticsurgery.com/wp-content/plugins/elementor-pro/assets/css/widget-mega-menu.min.css?ver=3.26.2","2026-06-03 20:24:36"
"https://artformplasticsurgery.com/wp-content/plugins/elementor-pro/assets/css/frontend.min.css?ver=3.15.0","text/css","200","OK","Indexable","","","0","0","","0","0","","0","","0","","0","","0","","0","","","","","","","","","","42741","42741","42741","16.373","","0","","","","","0.000","1","5","","0","0","0","0.000","0","0","0","0","0","0","","","","","","0.076","Mon, 21 Oct 2024 19:22:06 GMT","","","","","1.1","","","","","","https://artformplasticsurgery.com/wp-content/plugins/elementor-pro/assets/css/frontend.min.css?ver=3.15.0","2026-06-03 20:24:36"
"https://artformplasticsurgery.com/wp-content/plugins/elementor-pro/assets/css/widget-nav-menu.min.css?ver=3.26.0","text/css","200","OK","Indexable","","","0","0","","0","0","","0","","0","","0","","0","","0","","","","","","","","","","3309","3309","3309","1.268","","0","","","","","0.000","1","5","","0","0","0","0.000","0","0","0","0","0","0","","","","","","0.224","Mon, 21 Oct 2024 19:22:06 GMT","","","","","1.1","","","","","","https://artformplasticsurgery.com/wp-content/plugins/elementor-pro/assets/css/widget-nav-menu.min.css?ver=3.26.0","2026-06-03 20:24:36"
"https://artformplasticsurgery.com/wp-content/plugins/elementor-pro/assets/css/widget-blockquote.min.css?ver=3.25.0","text/css","200","OK","Indexable","","","0","0","","0","0","","0","","0","","0","","0","","0","","","","","","","","","","1076","1076","1076","0.412","","0","","","","","0.000","1","5","","0","0","0","0.000","0","0","0","0","0","0","","","","","","0.218","Mon, 21 Oct 2024 19:22:06 GMT","","","","","1.1","","","","","","https://artformplasticsurgery.com/wp-content/plugins/elementor-pro/assets/css/widget-blockquote.min.css?ver=3.25.0","2026-06-03 20:24:36"
"https://artformplasticsurgery.com/wp-content/plugins/jeg-elementor-kit/assets/fonts/jkiticon/jkiticon.css?ver=3.1.2","text/css","200","OK","Indexable","","","0","0","","0","0","","0","","0","","0","","0","","0","","","","","","","","","","21181","21181","21181","8.114","","0","","","","","0.000","1","6","","0","0","0","0.000","0","0","0","0","0","0","","","","","","0.228","Tue, 12 May 2026 18:27:31 GMT","","","","","1.1","","","","","","https://artformplasticsurgery.com/wp-content/plugins/jeg-elementor-kit/assets/fonts/jkiticon/jkiticon.css?ver=3.1.2","2026-06-03 20:24:36"
"https://artformplasticsurgery.com/non-surgical-procedures-2/","text/html; charset=UTF-8","200","OK","Indexable","","Non Surgical Procedures - artformplasticsurgery.com","51","473","Non Surgical Procedures Our Services What Services We Offer View Pricing Information Here (813) 563-3735 Filler (Juvederm, Restylane, various other products)These types of injections are made directly into the skin, and work by restoring volume and reshaping the skin. There are many fillers on the market today. We will help you find the optimal product","354","2183","","0","Non Surgical Procedures","23","","0","Non Surgical Procedures","23","What Services We Offer","22","max-image-preview:large","","","https://artformplasticsurgery.com/non-surgical-procedures-2/","","","","","","253595","43611","43611","16.707","","926","163","5.681","57.267","Fairly Hard","2.613","1","1","","67","32","0","100.000","53","16","0","3","3","0","","","","","66431f0d120ce352835a6f088066a5d2","0.214","","","","","en-US","1.1","","","","","","https://artformplasticsurgery.com/non-surgical-procedures-2/","2026-06-03 20:24:36"
"https://artformplasticsurgery.com/wp-content/uploads/2024/10/1000513852-removebg-preview-e1730100950292-186x81.png","image/png","200","OK","Indexable","","","0","0","","0","0","","0","","0","","0","","0","","0","","","","","","","","","","18236","18236","18236","6.986","","0","","","","","0.000","1","4","","0","0","0","0.000","0","0","0","0","0","0","","","","","","0.218","Fri, 08 May 2026 18:48:14 GMT","","","","","1.1","","","","","","https://artformplasticsurgery.com/wp-content/uploads/2024/10/1000513852-removebg-preview-e1730100950292-186x81.png","2026-06-03 20:24:36"
"https://artformplasticsurgery.com/wp-content/plugins/omnisend/styles/site-styles.css?1780446176&ver=1.5.5","text/css","200","OK","Indexable","","","0","0","","0","0","","0","","0","","0","","0","","0","","","","","","","","","","148","148","148","0.057","","0","","","","","0.000","1","4","","0","0","0","0.000","0","0","0","0","0","0","","","","","","0.070","Mon, 02 Dec 2024 09:41:12 GMT","","","","","1.1","","","","","","https://artformplasticsurgery.com/wp-content/plugins/omnisend/styles/site-styles.css?1780446176&ver=1.5.5","2026-06-03 20:24:37"
"https://artformplasticsurgery.com/wp-content/plugins/elementor/assets/lib/animations/styles/e-animation-float.min.css?ver=4.0.6","text/css","200","OK","Indexable","","","0","0","","0","0","","0","","0","","0","","0","","0","","","","","","","","","","244","244","244","0.093","","0","","","","","0.000","1","7","","0","0","0","0.000","0","0","0","0","0","0","","","","","","0.271","Tue, 05 May 2026 18:27:49 GMT","","","","","1.1","","","","","","https://artformplasticsurgery.com/wp-content/plugins/elementor/assets/lib/animations/styles/e-animation-float.min.css?ver=4.0.6","2026-06-03 20:24:36"
"https://artformplasticsurgery.com/wp-content/uploads/2024/10/071224-DRCK-0974-Edit-1024x1536.jpg","image/jpeg","200","OK","Indexable","","","0","0","","0","0","","0","","0","","0","","0","","0","","","","","","","","","","129053","129053","129053","49.438","","0","","","","","0.000","1","4","","0","0","0","0.000","0","0","0","0","0","0","","","","","","0.254","Mon, 28 Oct 2024 06:14:45 GMT","","","","","1.1","","","","","","https://artformplasticsurgery.com/wp-content/uploads/2024/10/071224-DRCK-0974-Edit-1024x1536.jpg","2026-06-03 20:24:37"
"https://artformplasticsurgery.com/wp-content/plugins/elementor/assets/js/frontend-modules.min.js?ver=4.0.6","application/x-javascript","200","OK","Indexable","","","0","0","","0","0","","0","","0","","0","","0","","0","","","","","","","","","","15878","15878","15878","6.083","","0","","","","","0.000","1","5","","0","0","0","0.000","0","0","0","0","0","0","","","","","","0.223","Tue, 05 May 2026 18:27:49 GMT","","","","","1.1","","","","","","https://artformplasticsurgery.com/wp-content/plugins/elementor/assets/js/frontend-modules.min.js?ver=4.0.6","2026-06-03 20:24:37"
"https://artformplasticsurgery.com/wp-content/plugins/elementor/assets/js/frontend.min.js?ver=4.0.6","application/x-javascript","200","OK","Indexable","","","0","0","","0","0","","0","","0","","0","","0","","0","","","","","","","","","","10342","10342","10342","3.962","","0","","","","","0.000","1","5","","0","0","0","0.000","0","0","0","0","0","0","","","","","","0.220","Tue, 05 May 2026 18:27:49 GMT","","","","","1.1","","","","","","https://artformplasticsurgery.com/wp-content/plugins/elementor/assets/js/frontend.min.js?ver=4.0.6","2026-06-03 20:24:37"
"https://artformplasticsurgery.com/wp-content/plugins/simple-banner/simple-banner.js?ver=3.2.1","application/x-javascript","200","OK","Indexable","","","0","0","","0","0","","0","","0","","0","","0","","0","","","","","","","","","","1965","1965","1965","0.753","","0","","","","","0.000","1","3","","0","0","0","0.000","0","0","0","0","0","0","","","","","","0.219","Fri, 10 Apr 2026 01:36:48 GMT","","","","","1.1","","","","","","https://artformplasticsurgery.com/wp-content/plugins/simple-banner/simple-banner.js?ver=3.2.1","2026-06-03 20:24:37"
"https://artformplasticsurgery.com/wp-content/plugins/elementor/assets/lib/font-awesome/css/brands.css?ver=5.15.3","text/css","200","OK","Indexable","","","0","0","","0","0","","0","","0","","0","","0","","0","","","","","","","","","","325","325","325","0.125","","0","","","","","0.000","1","7","","0","0","0","0.000","0","0","0","0","0","0","","","","","","0.221","Tue, 05 May 2026 18:27:49 GMT","","","","","1.1","","","","","","https://artformplasticsurgery.com/wp-content/plugins/elementor/assets/lib/font-awesome/css/brands.css?ver=5.15.3","2026-06-03 20:24:37"
"https://artformplasticsurgery.com/wp-content/plugins/jeg-elementor-kit/assets/js/elements/portfolio-gallery.js?ver=3.1.2","application/x-javascript","200","OK","Indexable","","","0","0","","0","0","","0","","0","","0","","0","","0","","","","","","","","","","943","943","943","0.361","","0","","","","","0.000","1","6","","0","0","0","0.000","0","0","0","0","0","0","","","","","","0.213","Tue, 12 May 2026 18:27:31 GMT","","","","","1.1","","","","","","https://artformplasticsurgery.com/wp-content/plugins/jeg-elementor-kit/assets/js/elements/portfolio-gallery.js?ver=3.1.2","2026-06-03 20:24:37"
"https://artformplasticsurgery.com/wp-content/plugins/elementor-pro/assets/js/webpack-pro.runtime.min.js?ver=3.15.0","application/x-javascript","200","OK","Indexable","","","0","0","","0","0","","0","","0","","0","","0","","0","","","","","","","","","","2550","2550","2550","0.977","","0","","","","","0.000","1","5","","0","0","0","0.000","0","0","0","0","0","0","","","","","","0.220","Mon, 21 Oct 2024 19:22:06 GMT","","","","","1.1","","","","","","https://artformplasticsurgery.com/wp-content/plugins/elementor-pro/assets/js/webpack-pro.runtime.min.js?ver=3.15.0","2026-06-03 20:24:37"
"https://artformplasticsurgery.com/wp-content/uploads/elementor/css/post-2659.css?ver=1780439892","text/css","200","OK","Indexable","","","0","0","","0","0","","0","","0","","0","","0","","0","","","","","","","","","","6736","6736","6736","2.580","","0","","","","","0.000","2","4","","0","0","0","0.000","0","0","0","0","0","0","","","","","","0.218","Tue, 02 Jun 2026 22:38:12 GMT","","","","","1.1","","","","","","https://artformplasticsurgery.com/wp-content/uploads/elementor/css/post-2659.css?ver=1780439892","2026-06-03 20:24:37"
"https://artformplasticsurgery.com/wp-content/plugins/omnisend/styles/site-styles.css?1780439892&ver=1.5.5","text/css","200","OK","Indexable","","","0","0","","0","0","","0","","0","","0","","0","","0","","","","","","","","","","148","148","148","0.057","","0","","","","","0.000","2","4","","0","0","0","0.000","0","0","0","0","0","0","","","","","","0.217","Mon, 02 Dec 2024 09:41:12 GMT","","","","","1.1","","","","","","https://artformplasticsurgery.com/wp-content/plugins/omnisend/styles/site-styles.css?1780439892&ver=1.5.5","2026-06-03 20:24:37"
"https://artformplasticsurgery.com/wp-content/uploads/elementor/thumbs/071224-DRCK-0579-Edit-scaled-qw5yx4ourin5dl7joq62cw7nzu8q7sk2musksg6kh4.jpg","image/jpeg","200","OK","Indexable","","","0","0","","0","0","","0","","0","","0","","0","","0","","","","","","","","","","72047","72047","72047","27.600","","0","","","","","0.000","2","4","","0","0","0","0.000","0","0","0","0","0","0","","","","","","0.215","Thu, 31 Oct 2024 20:55:31 GMT","","","","","1.1","","","","","","https://artformplasticsurgery.com/wp-content/uploads/elementor/thumbs/071224-DRCK-0579-Edit-scaled-qw5yx4ourin5dl7joq62cw7nzu8q7sk2musksg6kh4.jpg","2026-06-03 20:24:37"
"https://artformplasticsurgery.com/wp-content/uploads/elementor/thumbs/earlobe-reduction-scaled-rlqo714ta8f7zc7b4wzophh8nvxtcojxuiwhpebaqw.jpg","image/jpeg","200","OK","Indexable","","","0","0","","0","0","","0","","0","","0","","0","","0","","","","","","","","","","76012","76012","76012","29.119","","0","","","","","0.000","2","4","","0","0","0","0.000","0","0","0","0","0","0","","","","","","0.222","Thu, 09 Apr 2026 06:19:23 GMT","","","","","1.1","","","","","","https://artformplasticsurgery.com/wp-content/uploads/elementor/thumbs/earlobe-reduction-scaled-rlqo714ta8f7zc7b4wzophh8nvxtcojxuiwhpebaqw.jpg","2026-06-03 20:24:37"
"https://artformplasticsurgery.com/wp-content/uploads/elementor/thumbs/071224-DRCK-1159-Edit-1-scaled-qw7m6fadnayn1qhaqus9akcr5ji7pxl6lok7854iso.jpg","image/jpeg","200","OK","Indexable","","","0","0","","0","0","","0","","0","","0","","0","","0","","","","","","","","","","61214","61214","61214","23.450","","0","","","","","0.000","2","4","","0","0","0","0.000","0","0","0","0","0","0","","","","","","0.219","Thu, 31 Oct 2024 20:56:22 GMT","","","","","1.1","","","","","","https://artformplasticsurgery.com/wp-content/uploads/elementor/thumbs/071224-DRCK-1159-Edit-1-scaled-qw7m6fadnayn1qhaqus9akcr5ji7pxl6lok7854iso.jpg","2026-06-03 20:24:37"
"https://artformplasticsurgery.com/wp-content/uploads/elementor/thumbs/Screenshot-2026-04-08-at-23.08.36-rlqozjkklbgc5iscn8oacaglcnemu5qtrnaprk1e08.png","image/png","200","OK","Indexable","","","0","0","","0","0","","0","","0","","0","","0","","0","","","","","","","","","","730674","730674","730674","279.907","","0","","","","","0.000","2","4","","0","0","0","0.000","0","0","0","0","0","0","","","","","","0.217","Thu, 09 Apr 2026 06:30:49 GMT","","","","","1.1","","","","","","https://artformplasticsurgery.com/wp-content/uploads/elementor/thumbs/Screenshot-2026-04-08-at-23.08.36-rlqozjkklbgc5iscn8oacaglcnemu5qtrnaprk1e08.png","2026-06-03 20:24:37"
"https://artformplasticsurgery.com/wp-content/uploads/elementor/thumbs/071224-DRCK-0729-Edit-1-scaled-qw83mnp3g0ysrbxpawuoaj6k9l0tb8mrb5e3avmy3s.jpg","image/jpeg","200","OK","Indexable","","","0","0","","0","0","","0","","0","","0","","0","","0","","","","","","","","","","101643","101643","101643","38.938","","0","","","","","0.000","2","4","","0","0","0","0.000","0","0","0","0","0","0","","","","","","0.219","Thu, 31 Oct 2024 20:55:46 GMT","","","","","1.1","","","","","","https://artformplasticsurgery.com/wp-content/uploads/elementor/thumbs/071224-DRCK-0729-Edit-1-scaled-qw83mnp3g0ysrbxpawuoaj6k9l0tb8mrb5e3avmy3s.jpg","2026-06-03 20:24:37"
"https://artformplasticsurgery.com/wp-content/plugins/omnisend/styles/site-styles.css?1780425696&ver=1.5.5","text/css","200","OK","Indexable","","","0","0","","0","0","","0","","0","","0","","0","","0","","","","","","","","","","148","148","148","0.057","","0","","","","","0.000","2","4","","0","0","0","0.000","0","0","0","0","0","0","","","","","","0.216","Mon, 02 Dec 2024 09:41:12 GMT","","","","","1.1","","","","","","https://artformplasticsurgery.com/wp-content/plugins/omnisend/styles/site-styles.css?1780425696&ver=1.5.5","2026-06-03 20:24:37"
"https://artformplasticsurgery.com/wp-content/uploads/elementor/thumbs/071224-DRCK-0895-Edit-1-scaled-qw7lxs5st54qat187maqv8v6j03py4a12wmhdjxu08.jpg","image/jpeg","200","OK","Indexable","","","0","0","","0","0","","0","","0","","0","","0","","0","","","","","","","","","","101097","101097","101097","38.728","","0","","","","","0.000","2","4","","0","0","0","0.000","0","0","0","0","0","0","","","","","","0.218","Sat, 11 Apr 2026 02:21:39 GMT","","","","","1.1","","","","","","https://artformplasticsurgery.com/wp-content/uploads/elementor/thumbs/071224-DRCK-0895-Edit-1-scaled-qw7lxs5st54qat187maqv8v6j03py4a12wmhdjxu08.jpg","2026-06-03 20:24:37"
"https://artformplasticsurgery.com/wp-content/uploads/elementor/css/post-1610.css?ver=1780425367","text/css","200","OK","Indexable","","","0","0","","0","0","","0","","0","","0","","0","","0","","","","","","","","","","7025","7025","7025","2.691","","0","","","","","0.000","2","4","","0","0","0","0.000","0","0","0","0","0","0","","","","","","0.222","Tue, 02 Jun 2026 18:36:07 GMT","","","","","1.1","","","","","","https://artformplasticsurgery.com/wp-content/uploads/elementor/css/post-1610.css?ver=1780425367","2026-06-03 20:24:37"
"https://artformplasticsurgery.com/wp-content/uploads/elementor/thumbs/071224-DRCK-0974-Edit-scaled-qw7lywkuz0o261einlrpcgo02kki53qhkgod0g9wko.jpg","image/jpeg","200","OK","Indexable","","","0","0","","0","0","","0","","0","","0","","0","","0","","","","","","","","","","67434","67434","67434","25.833","","0","","","","","0.000","2","4","","0","0","0","0.000","0","0","0","0","0","0","","","","","","0.216","Thu, 31 Oct 2024 20:55:36 GMT","","","","","1.1","","","","","","https://artformplasticsurgery.com/wp-content/uploads/elementor/thumbs/071224-DRCK-0974-Edit-scaled-qw7lywkuz0o261einlrpcgo02kki53qhkgod0g9wko.jpg","2026-06-03 20:24:37"
"https://artformplasticsurgery.com/wp-content/uploads/elementor/thumbs/071224-DRCK-1412-Edit-scaled-qw8ylx7cdfog3byaxzp3q3ldxw106q5in7003y0vfs.jpg","image/jpeg","200","OK","Indexable","","","0","0","","0","0","","0","","0","","0","","0","","0","","","","","","","","","","95256","95256","95256","36.491","","0","","","","","0.000","2","4","","0","0","0","0.000","0","0","0","0","0","0","","","","","","0.215","Thu, 31 Oct 2024 20:58:41 GMT","","","","","1.1","","","","","","https://artformplasticsurgery.com/wp-content/uploads/elementor/thumbs/071224-DRCK-1412-Edit-scaled-qw8ylx7cdfog3byaxzp3q3ldxw106q5in7003y0vfs.jpg","2026-06-03 20:24:37"
"https://artformplasticsurgery.com/wp-content/uploads/elementor/thumbs/071224-DRCK-0015-Edit-1-scaled-qwfpanj7wzlszxd2khpdfez9olsh3mdd5zzv7vzh9k.jpg","image/jpeg","200","OK","Indexable","","","0","0","","0","0","","0","","0","","0","","0","","0","","","","","","","","","","107974","107974","107974","41.363","","0","","","","","0.000","2","4","","0","0","0","0.000","0","0","0","0","0","0","","","","","","0.215","Fri, 01 Nov 2024 21:49:30 GMT","","","","","1.1","","","","","","https://artformplasticsurgery.com/wp-content/uploads/elementor/thumbs/071224-DRCK-0015-Edit-1-scaled-qwfpanj7wzlszxd2khpdfez9olsh3mdd5zzv7vzh9k.jpg","2026-06-03 20:24:37"
"https://artformplasticsurgery.com/wp-content/plugins/omnisend/styles/site-styles.css?1780439873&ver=1.5.5","text/css","200","OK","Indexable","","","0","0","","0","0","","0","","0","","0","","0","","0","","","","","","","","","","148","148","148","0.057","","0","","","","","0.000","2","4","","0","0","0","0.000","0","0","0","0","0","0","","","","","","0.221","Mon, 02 Dec 2024 09:41:12 GMT","","","","","1.1","","","","","","https://artformplasticsurgery.com/wp-content/plugins/omnisend/styles/site-styles.css?1780439873&ver=1.5.5","2026-06-03 20:24:37"
"https://artformplasticsurgery.com/wp-content/uploads/elementor/css/post-2063.css?ver=1780439873","text/css","200","OK","Indexable","","","0","0","","0","0","","0","","0","","0","","0","","0","","","","","","","","","","357","357","357","0.137","","0","","","","","0.000","2","4","","0","0","0","0.000","0","0","0","0","0","0","","","","","","0.217","Tue, 02 Jun 2026 22:37:53 GMT","","","","","1.1","","","","","","https://artformplasticsurgery.com/wp-content/uploads/elementor/css/post-2063.css?ver=1780439873","2026-06-03 20:24:37"
"https://artformplasticsurgery.com/wp-content/plugins/jeg-elementor-kit/assets/js/elements/client-logo.js?ver=3.1.2","application/x-javascript","200","OK","Indexable","","","0","0","","0","0","","0","","0","","0","","0","","0","","","","","","","","","","1074","1074","1074","0.411","","0","","","","","0.000","2","6","","0","0","0","0.000","0","0","0","0","0","0","","","","","","0.219","Tue, 12 May 2026 18:27:31 GMT","","","","","1.1","","","","","","https://artformplasticsurgery.com/wp-content/plugins/jeg-elementor-kit/assets/js/elements/client-logo.js?ver=3.1.2","2026-06-03 20:24:37"
"https://artformplasticsurgery.com/wp-content/uploads/elementor/css/post-137.css?ver=1780475463","text/css","200","OK","Indexable","","","0","0","","0","0","","0","","0","","0","","0","","0","","","","","","","","","","5100","5100","5100","1.954","","0","","","","","0.000","2","4","","0","0","0","0.000","0","0","0","0","0","0","","","","","","0.217","Wed, 03 Jun 2026 08:31:03 GMT","","","","","1.1","","","","","","https://artformplasticsurgery.com/wp-content/uploads/elementor/css/post-137.css?ver=1780475463","2026-06-03 20:24:37"
"https://artformplasticsurgery.com/wp-content/uploads/2024/10/botox-ZWJZLAK.png","image/png","200","OK","Indexable","","","0","0","","0","0","","0","","0","","0","","0","","0","","","","","","","","","","10909","10909","10909","4.179","","0","","","","","0.000","2","4","","0","0","0","0.000","0","0","0","0","0","0","","","","","","0.218","Wed, 23 Oct 2024 14:04:19 GMT","","","","","1.1","","","","","","https://artformplasticsurgery.com/wp-content/uploads/2024/10/botox-ZWJZLAK.png","2026-06-03 20:24:38"
"https://artformplasticsurgery.com/wp-content/uploads/elementor/thumbs/cosmetician-holds-syringe-with-injection-of-botox-1-qvzh2u4mjenymfxla0soffnhw3u7j8gyf566p34gs8.jpg","image/jpeg","200","OK","Indexable","","","0","0","","0","0","","0","","0","","0","","0","","0","","","","","","","","","","105751","105751","105751","40.511","","0","","","","","0.000","2","4","","0","0","0","0.000","0","0","0","0","0","0","","","","","","0.217","Wed, 23 Oct 2024 14:04:56 GMT","","","","","1.1","","","","","","https://artformplasticsurgery.com/wp-content/uploads/elementor/thumbs/cosmetician-holds-syringe-with-injection-of-botox-1-qvzh2u4mjenymfxla0soffnhw3u7j8gyf566p34gs8.jpg","2026-06-03 20:24:38"
"https://artformplasticsurgery.com/wp-content/uploads/2024/10/tree.png","image/png","200","OK","Indexable","","","0","0","","0","0","","0","","0","","0","","0","","0","","","","","","","","","","11702","11702","11702","4.483","","0","","","","","0.000","2","4","","0","0","0","0.000","0","0","0","0","0","0","","","","","","0.215","Wed, 23 Oct 2024 14:04:15 GMT","","","","","1.1","","","","","","https://artformplasticsurgery.com/wp-content/uploads/2024/10/tree.png","2026-06-03 20:24:38"
"https://artformplasticsurgery.com/wp-content/uploads/2024/10/heartcare.png","image/png","200","OK","Indexable","","","0","0","","0","0","","0","","0","","0","","0","","0","","","","","","","","","","6659","6659","6659","2.551","","0","","","","","0.000","2","4","","0","0","0","0.000","0","0","0","0","0","0","","","","","","0.220","Wed, 23 Oct 2024 14:04:19 GMT","","","","","1.1","","","","","","https://artformplasticsurgery.com/wp-content/uploads/2024/10/heartcare.png","2026-06-03 20:24:38"
"https://artformplasticsurgery.com/wp-content/plugins/omnisend/styles/site-styles.css?1780475463&ver=1.5.5","text/css","200","OK","Indexable","","","0","0","","0","0","","0","","0","","0","","0","","0","","","","","","","","","","148","148","148","0.057","","0","","","","","0.000","2","4","","0","0","0","0.000","0","0","0","0","0","0","","","","","","0.222","Mon, 02 Dec 2024 09:41:12 GMT","","","","","1.1","","","","","","https://artformplasticsurgery.com/wp-content/plugins/omnisend/styles/site-styles.css?1780475463&ver=1.5.5","2026-06-03 20:24:38"
"https://artformplasticsurgery.com/wp-content/uploads/2024/10/lifecare.png","image/png","200","OK","Indexable","","","0","0","","0","0","","0","","0","","0","","0","","0","","","","","","","","","","11066","11066","11066","4.239","","0","","","","","0.000","2","4","","0","0","0","0.000","0","0","0","0","0","0","","","","","","0.226","Wed, 23 Oct 2024 14:04:17 GMT","","","","","1.1","","","","","","https://artformplasticsurgery.com/wp-content/uploads/2024/10/lifecare.png","2026-06-03 20:24:38"
"https://artformplasticsurgery.com/wp-content/uploads/2024/10/071224-DRCK-87-300x200.jpg","image/jpeg","200","OK","Indexable","","","0","0","","0","0","","0","","0","","0","","0","","0","","","","","","","","","","21565","21565","21565","8.261","","0","","","","","0.000","2","4","","0","0","0","0.000","0","0","0","0","0","0","","","","","","0.217","Tue, 29 Oct 2024 19:55:44 GMT","","","","","1.1","","","","","","https://artformplasticsurgery.com/wp-content/uploads/2024/10/071224-DRCK-87-300x200.jpg","2026-06-03 20:24:38"
"https://artformplasticsurgery.com/wp-content/uploads/elementor/thumbs/hostel1-qw3phabe184fkrao7xbwdt3gj9nrekrpzmm2azsag0.jpg","image/jpeg","200","OK","Indexable","","","0","0","","0","0","","0","","0","","0","","0","","0","","","","","","","","","","160582","160582","160582","61.516","","0","","","","","0.000","2","4","","0","0","0","0.000","0","0","0","0","0","0","","","","","","0.226","Sat, 26 Oct 2024 14:48:00 GMT","","","","","1.1","","","","","","https://artformplasticsurgery.com/wp-content/uploads/elementor/thumbs/hostel1-qw3phabe184fkrao7xbwdt3gj9nrekrpzmm2azsag0.jpg","2026-06-03 20:24:38"
"https://artformplasticsurgery.com/wp-content/uploads/2024/10/071224-DRCK-0895-Edit-scaled-e1730014913672-235x300.jpg","image/jpeg","200","OK","Indexable","","","0","0","","0","0","","0","","0","","0","","0","","0","","","","","","","","","","19014","19014","19014","7.284","","0","","","","","0.000","2","4","","0","0","0","0.000","0","0","0","0","0","0","","","","","","0.221","Sun, 27 Oct 2024 07:41:53 GMT","","","","","1.1","","","","","","https://artformplasticsurgery.com/wp-content/uploads/2024/10/071224-DRCK-0895-Edit-scaled-e1730014913672-235x300.jpg","2026-06-03 20:24:38"
"https://artformplasticsurgery.com/wp-content/uploads/elementor/css/post-2178.css?ver=1780447520","text/css","200","OK","Indexable","","","0","0","","0","0","","0","","0","","0","","0","","0","","","","","","","","","","2330","2330","2330","0.893","","0","","","","","0.000","2","4","","0","0","0","0.000","0","0","0","0","0","0","","","","","","0.223","Wed, 03 Jun 2026 00:45:20 GMT","","","","","1.1","","","","","","https://artformplasticsurgery.com/wp-content/uploads/elementor/css/post-2178.css?ver=1780447520","2026-06-03 20:24:38"
"https://artformplasticsurgery.com/wp-content/uploads/2024/11/071224-DRCK-0015-Edit-2-scaled-e1731100443763.jpg","image/jpeg","200","OK","Indexable","","","0","0","","0","0","","0","","0","","0","","0","","0","","","","","","","","","","446921","446921","446921","171.207","","0","","","","","0.000","2","4","","0","0","0","0.000","0","0","0","0","0","0","","","","","","0.217","Fri, 08 Nov 2024 21:14:03 GMT","","","","","1.1","","","","","","https://artformplasticsurgery.com/wp-content/uploads/2024/11/071224-DRCK-0015-Edit-2-scaled-e1731100443763.jpg","2026-06-03 20:24:38"
"https://artformplasticsurgery.com/wp-content/plugins/jeg-elementor-kit/assets/js/elements/post-pagination.js?ver=3.1.2","application/x-javascript","200","OK","Indexable","","","0","0","","0","0","","0","","0","","0","","0","","0","","","","","","","","","","1965","1965","1965","0.753","","0","","","","","0.000","2","6","","0","0","0","0.000","0","0","0","0","0","0","","","","","","0.224","Tue, 12 May 2026 18:27:31 GMT","","","","","1.1","","","","","","https://artformplasticsurgery.com/wp-content/plugins/jeg-elementor-kit/assets/js/elements/post-pagination.js?ver=3.1.2","2026-06-03 20:24:38"
"https://artformplasticsurgery.com/buccal-fat-removal-sculpt-your-cheeks-for-a-slimmer-contoured-look/","text/html; charset=UTF-8","200","OK","Indexable","","Buccal Fat Removal: Sculpt Your Cheeks for a Slimmer, Contoured Look - artformplasticsurgery.com","96","889","Our Blog Home Blog Buccal fat removal, also known as cheek sculpting, is a popular cosmetic procedure that removes excess fat pads from the inner cheeks to create a more defined, contoured facial structure. By reducing fullness in the cheek area and enhancing cheekbone definition, buccal fat removal rejuvenates the appearance and creates a more sculpted,","356","2223","","0","Buccal Fat Removal: Sculpt Your Cheeks for a Slimmer, Contoured Look","68","","0","Our Blog","8","Contact","7","max-image-preview:large","","","https://artformplasticsurgery.com/buccal-fat-removal-sculpt-your-cheeks-for-a-slimmer-contoured-look/","","","","","","196044","36478","36478","13.974","","1152","201","5.731","46.065","Hard","4.269","2","1","","14","4","0","12.500","38","16","0","2","2","0","","","","","481e546dbe2387c78c30c9154a15a2a7","0.216","","","","","en-US","1.1","","","","","","https://artformplasticsurgery.com/buccal-fat-removal-sculpt-your-cheeks-for-a-slimmer-contoured-look/","2026-06-03 20:24:38"
"https://artformplasticsurgery.com/wp-content/uploads/2024/10/071224-DRCK-0895-Edit-scaled-e1730014913672.jpg","image/jpeg","200","OK","Indexable","","","0","0","","0","0","","0","","0","","0","","0","","0","","","","","","","","","","198904","198904","198904","76.196","","0","","","","","0.000","2","4","","0","0","0","0.000","0","0","0","0","0","0","","","","","","0.069","Sun, 27 Oct 2024 07:41:53 GMT","","","","","1.1","","","","","","https://artformplasticsurgery.com/wp-content/uploads/2024/10/071224-DRCK-0895-Edit-scaled-e1730014913672.jpg","2026-06-03 20:24:38"
"https://artformplasticsurgery.com/wp-content/plugins/omnisend/styles/site-styles.css?1780447520&ver=1.5.5","text/css","200","OK","Indexable","","","0","0","","0","0","","0","","0","","0","","0","","0","","","","","","","","","","148","148","148","0.057","","0","","","","","0.000","2","4","","0","0","0","0.000","0","0","0","0","0","0","","","","","","0.213","Mon, 02 Dec 2024 09:41:12 GMT","","","","","1.1","","","","","","https://artformplasticsurgery.com/wp-content/plugins/omnisend/styles/site-styles.css?1780447520&ver=1.5.5","2026-06-03 20:24:38"
"https://artformplasticsurgery.com/wp-content/uploads/2024/11/071224-DRCK-1119-Edit-scaled-e1730580050592.jpg","image/jpeg","200","OK","Indexable","","","0","0","","0","0","","0","","0","","0","","0","","0","","","","","","","","","","267006","267006","267006","102.285","","0","","","","","0.000","2","4","","0","0","0","0.000","0","0","0","0","0","0","","","","","","0.220","Sat, 02 Nov 2024 20:40:50 GMT","","","","","1.1","","","","","","https://artformplasticsurgery.com/wp-content/uploads/2024/11/071224-DRCK-1119-Edit-scaled-e1730580050592.jpg","2026-06-03 20:24:38"
"https://artformplasticsurgery.com/wp-content/uploads/2024/11/071224-DRCK-1232-Edit-scaled-e1730497924674.jpg","image/jpeg","200","OK","Indexable","","","0","0","","0","0","","0","","0","","0","","0","","0","","","","","","","","","","380187","380187","380187","145.642","","0","","","","","0.000","2","4","","0","0","0","0.000","0","0","0","0","0","0","","","","","","0.234","Fri, 01 Nov 2024 21:52:04 GMT","","","","","1.1","","","","","","https://artformplasticsurgery.com/wp-content/uploads/2024/11/071224-DRCK-1232-Edit-scaled-e1730497924674.jpg","2026-06-03 20:24:38"
"https://artformplasticsurgery.com/split-earlobe-repair-restore-the-natural-look-of-your-earlobes/","text/html; charset=UTF-8","200","OK","Indexable","","Split Earlobe Repair: Restore the Natural Look of Your Earlobes - artformplasticsurgery.com","91","810","Our Blog Home Blog A split earlobe repair, also known as earlobe reconstruction, is a popular cosmetic procedure that restores damaged or torn earlobes to their natural appearance. By repairing split lobes caused by heavy earrings, trauma, or gauge stretching, split earlobe repair rejuvenates the ear area and restores natural facial balance. The procedure involves","366","2237","","0","Split Earlobe Repair: Restore the Natural Look of Your Earlobes","63","","0","Our Blog","8","Contact","7","max-image-preview:large","","","https://artformplasticsurgery.com/split-earlobe-repair-restore-the-natural-look-of-your-earlobes/","","","","","","196212","36428","36428","13.955","","1195","210","5.690","45.452","Hard","4.500","2","1","","15","4","0","12.500","38","16","0","2","2","0","","","","","6529c0d44453dc1b831f46f0883828f1","0.629","","","","","en-US","1.1","","","","","","https://artformplasticsurgery.com/split-earlobe-repair-restore-the-natural-look-of-your-earlobes/","2026-06-03 20:24:38"
"https://artformplasticsurgery.com/facelift-rhytidectomy-rejuvenate-your-appearance-and-renew-confidence/","text/html; charset=UTF-8","200","OK","Indexable","","Facelift (Rhytidectomy): Rejuvenate Your Appearance and Renew Confidence - artformplasticsurgery.com","100","937","Our Blog Home Blog Facelift (Rhytidectomy): Rejuvenate Your Appearance and Renew Confidence Facelift (Rhytidectomy): Rejuvenate Your Appearance and Renew ConfidenceA facelift, medically known as rhytidectomy, is a transformative surgical procedure that helps individuals restore a youthful appearance by tightening sagging skin and muscles in the neck and lower face. This popular cosmetic procedure can offer","409","2590","","0","","0","","0","Our Blog","8","Facelift (Rhytidectomy): Rejuvenate Your Appearance and Renew Confidence","72","max-image-preview:large","","","https://artformplasticsurgery.com/facelift-rhytidectomy-rejuvenate-your-appearance-and-renew-confidence/","","","","","","208566","43367","43367","16.613","","1076","204","5.275","51.466","Fairly Hard","3.663","2","1","","14","4","0","12.500","38","16","0","2","2","0","","","","","54e731e2375686ca0d510e1f8b223649","0.635","","","","","en-US","1.1","","","","","","https://artformplasticsurgery.com/facelift-rhytidectomy-rejuvenate-your-appearance-and-renew-confidence/","2026-06-03 20:24:38"
"https://artformplasticsurgery.com/wp-content/uploads/2024/10/071224-DRCK-87.jpg","image/jpeg","200","OK","Indexable","","","0","0","","0","0","","0","","0","","0","","0","","0","","","","","","","","","","2392090","2392090","2392090","916.364","","0","","","","","0.000","2","4","","0","0","0","0.000","0","0","0","0","0","0","","","","","","0.071","Tue, 29 Oct 2024 19:55:44 GMT","","","","","1.1","","","","","","https://artformplasticsurgery.com/wp-content/uploads/2024/10/071224-DRCK-87.jpg","2026-06-03 20:24:39"
"https://artformplasticsurgery.com/wp-content/uploads/elementor/css/post-2504.css?ver=1780446180","text/css","200","OK","Indexable","","","0","0","","0","0","","0","","0","","0","","0","","0","","","","","","","","","","76","76","76","0.029","","0","","","","","0.000","2","4","","0","0","0","0.000","0","0","0","0","0","0","","","","","","0.075","Wed, 03 Jun 2026 00:23:00 GMT","","","","","1.1","","","","","","https://artformplasticsurgery.com/wp-content/uploads/elementor/css/post-2504.css?ver=1780446180","2026-06-03 20:24:39"
"https://artformplasticsurgery.com/wp-content/plugins/omnisend/styles/site-styles.css?1780446180&ver=1.5.5","text/css","200","OK","Indexable","","","0","0","","0","0","","0","","0","","0","","0","","0","","","","","","","","","","148","148","148","0.057","","0","","","","","0.000","2","4","","0","0","0","0.000","0","0","0","0","0","0","","","","","","0.214","Mon, 02 Dec 2024 09:41:12 GMT","","","","","1.1","","","","","","https://artformplasticsurgery.com/wp-content/plugins/omnisend/styles/site-styles.css?1780446180&ver=1.5.5","2026-06-03 20:24:39"
"https://artformplasticsurgery.com/chin-implant-enhance-your-profile-with-a-balanced-defined-chin/","text/html; charset=UTF-8","200","OK","Indexable","","Chin Implant: Enhance Your Profile with a Balanced, Defined Chin - artformplasticsurgery.com","92","831","Our Blog Home Blog A chin implant, also known as mentoplasty, is a popular cosmetic procedure that enhances chin projection and creates a more balanced, defined facial profile. By addressing a recessed or underprojected chin and improving facial proportions, a chin implant rejuvenates the appearance and restores natural facial harmony. The procedure involves inserting a biocompatible","386","2406","","0","Chin Implant: Enhance Your Profile with a Balanced, Defined Chin","64","","0","Our Blog","8","Contact","7","max-image-preview:large","","","https://artformplasticsurgery.com/chin-implant-enhance-your-profile-with-a-balanced-defined-chin/","","","","","","196041","36507","36507","13.985","","1175","204","5.760","44.821","Hard","4.376","2","1","","14","4","0","12.500","38","16","0","2","2","0","","","","","fb7174402e596aa83ef0852ba515cab0","0.650","","","","","en-US","1.1","","","","","","https://artformplasticsurgery.com/chin-implant-enhance-your-profile-with-a-balanced-defined-chin/","2026-06-03 20:24:39"
"https://artformplasticsurgery.com/rhinoplasty-nose-job-sculpting-confidence-and-facial-harmony/","text/html; charset=UTF-8","200","OK","Indexable","","Rhinoplasty (Nose Job): Sculpting Confidence and Facial Harmony - artformplasticsurgery.com","91","840","Rhinoplasty (Nose Job): Sculpting Confidence and Facial Harmony Rhinoplasty, commonly referred to as a “nose job,” is a highly sought-after surgical procedure aimed at reshaping and refining the nose to enhance facial aesthetics and improve breathing functionality. Whether for cosmetic purposes or medical reasons, rhinoplasty offers a way to achieve harmony between facial features and","387","2418","","0","","0","","0","Rhinoplasty (Nose Job): Sculpting Confidence and Facial Harmony","63","Contact","7","max-image-preview:large","","","https://artformplasticsurgery.com/rhinoplasty-nose-job-sculpting-confidence-and-facial-harmony/","","","","","","199190","36990","36990","14.170","","1224","227","5.392","46.400","Hard","4.471","2","1","","16","5","0","15.630","38","16","0","2","2","0","","","","","46aec1198732463c4a848db724c62cd5","0.661","","","","","en-US","1.1","","","","","","https://artformplasticsurgery.com/rhinoplasty-nose-job-sculpting-confidence-and-facial-harmony/","2026-06-03 20:24:39"
"https://artformplasticsurgery.com/wp-content/uploads/elementor/thumbs/pexels-photo-8058614-8058614-scaled-rlfjs2lm59gmlvf21mbb2rh6sgc73h4au2mmj2kkxk.jpg","image/jpeg","200","OK","Indexable","","","0","0","","0","0","","0","","0","","0","","0","","0","","","","","","","","","","173480","173480","173480","66.457","","0","","","","","0.000","2","4","","0","0","0","0.000","0","0","0","0","0","0","","","","","","0.071","Thu, 02 Apr 2026 20:43:48 GMT","","","","","1.1","","","","","","https://artformplasticsurgery.com/wp-content/uploads/elementor/thumbs/pexels-photo-8058614-8058614-scaled-rlfjs2lm59gmlvf21mbb2rh6sgc73h4au2mmj2kkxk.jpg","2026-06-03 20:24:39"
"https://artformplasticsurgery.com/wp-content/uploads/elementor/thumbs/Screenshot-2026-04-08-at-22.37.08-rlqn0oilcyh9t0eh3rbqfdvlwlkv3edojvqlci5t6g.png","image/png","200","OK","Indexable","","","0","0","","0","0","","0","","0","","0","","0","","0","","","","","","","","","","870263","870263","870263","333.381","","0","","","","","0.000","2","4","","0","0","0","0.000","0","0","0","0","0","0","","","","","","0.215","Thu, 09 Apr 2026 12:06:58 GMT","","","","","1.1","","","","","","https://artformplasticsurgery.com/wp-content/uploads/elementor/thumbs/Screenshot-2026-04-08-at-22.37.08-rlqn0oilcyh9t0eh3rbqfdvlwlkv3edojvqlci5t6g.png","2026-06-03 20:24:39"
"https://artformplasticsurgery.com/wp-content/uploads/elementor/css/post-1629.css?ver=1780446179","text/css","200","OK","Indexable","","","0","0","","0","0","","0","","0","","0","","0","","0","","","","","","","","","","6915","6915","6915","2.649","","0","","","","","0.000","2","4","","0","0","0","0.000","0","0","0","0","0","0","","","","","","0.074","Wed, 03 Jun 2026 00:22:59 GMT","","","","","1.1","","","","","","https://artformplasticsurgery.com/wp-content/uploads/elementor/css/post-1629.css?ver=1780446179","2026-06-03 20:24:39"
"https://artformplasticsurgery.com/privacy-policy","text/html; charset=UTF-8","301","Moved Permanently","Non-Indexable","Redirected","","0","0","","0","0","","0","","0","","0","","0","","0","","","","","","","","","","0","0","0","0.000","","0","","","","","0.000","2","0","","1","1","0","3.130","0","0","0","0","0","0","","","","","","0.413","","https://artformplasticsurgery.com/privacy-policy/","HTTP Redirect","","","1.1","","","","","","https://artformplasticsurgery.com/privacy-policy","2026-06-03 20:24:39"
"https://artformplasticsurgery.com/scar-revision-minimizing-scars-for-smoother-natural-looking-skin/","text/html; charset=UTF-8","200","OK","Indexable","","Scar Revision: Minimizing Scars for Smoother, Natural-Looking Skin - artformplasticsurgery.com","94","853","Our Blog Home Blog Scar revision is a cosmetic procedure tailored to reduce the appearance of scars, making them blend more naturally with surrounding skin. Whether caused by injury, surgery, or acne, scars can vary in size, color, and texture, often affecting one’s confidence. Scar revision offers a solution to minimize the visibility of scars","346","2089","","0","Scar Revision: Minimizing Scars for Smoother, Natural-Looking Skin","66","Scar Revision: Minimizing Scars for Smoother, Natural-Looking Skin","66","Our Blog","8","Contact","7","max-image-preview:large","","","https://artformplasticsurgery.com/scar-revision-minimizing-scars-for-smoother-natural-looking-skin/","","","","","","240158","54141","54141","20.740","","2532","439","5.768","54.501","Fairly Hard","7.152","2","1","","15","4","0","12.500","43","19","0","2","2","0","","","","","e58c907d31340b4ce8e5a55b28e75695","0.702","","","","","en-US","1.1","","","","","","https://artformplasticsurgery.com/scar-revision-minimizing-scars-for-smoother-natural-looking-skin/","2026-06-03 20:24:39"
"https://artformplasticsurgery.com/wp-content/uploads/elementor/thumbs/microneedling-resurfacing-scaled-rlqqnoavsrstso4j6vr0etv66pxcsvf0w8pm1pxo1k.jpg","image/jpeg","200","OK","Indexable","","","0","0","","0","0","","0","","0","","0","","0","","0","","","","","","","","","","99444","99444","99444","38.095","","0","","","","","0.000","2","4","","0","0","0","0.000","0","0","0","0","0","0","","","","","","0.073","Thu, 09 Apr 2026 07:02:34 GMT","","","","","1.1","","","","","","https://artformplasticsurgery.com/wp-content/uploads/elementor/thumbs/microneedling-resurfacing-scaled-rlqqnoavsrstso4j6vr0etv66pxcsvf0w8pm1pxo1k.jpg","2026-06-03 20:24:39"
"https://artformplasticsurgery.com/wp-content/uploads/elementor/thumbs/pexels-photo-8182321-8182321-scaled-rlfk4tausewjzkwrn4l8vjq4ohjbfrpb94zkq3ogl4.jpg","image/jpeg","200","OK","Indexable","","","0","0","","0","0","","0","","0","","0","","0","","0","","","","","","","","","","134764","134764","134764","51.626","","0","","","","","0.000","2","4","","0","0","0","0.000","0","0","0","0","0","0","","","","","","0.219","Thu, 02 Apr 2026 20:51:55 GMT","","","","","1.1","","","","","","https://artformplasticsurgery.com/wp-content/uploads/elementor/thumbs/pexels-photo-8182321-8182321-scaled-rlfk4tausewjzkwrn4l8vjq4ohjbfrpb94zkq3ogl4.jpg","2026-06-03 20:24:39"
"https://artformplasticsurgery.com/wp-content/uploads/elementor/thumbs/Screenshot-2026-04-08-at-23.53.01-rlqqb2au3sjc10fztxi7gifj9m32j2co5tm392mtiw.png","image/png","200","OK","Indexable","","","0","0","","0","0","","0","","0","","0","","0","","0","","","","","","","","","","1082850","1082850","1082850","414.819","","0","","","","","0.000","2","4","","0","0","0","0.000","0","0","0","0","0","0","","","","","","0.074","Thu, 09 Apr 2026 12:06:58 GMT","","","","","1.1","","","","","","https://artformplasticsurgery.com/wp-content/uploads/elementor/thumbs/Screenshot-2026-04-08-at-23.53.01-rlqqb2au3sjc10fztxi7gifj9m32j2co5tm392mtiw.png","2026-06-03 20:24:39"
"https://artformplasticsurgery.com/wp-content/uploads/elementor/thumbs/071224-DRCK-0895-Edit-scaled-e1730014913672-qw5z3rfuzfr47q9bmqq80fmrnegd2ou9enhkqneins.jpg","image/jpeg","200","OK","Indexable","","","0","0","","0","0","","0","","0","","0","","0","","0","","","","","","","","","","90119","90119","90119","34.523","","0","","","","","0.000","2","4","","0","0","0","0.000","0","0","0","0","0","0","","","","","","0.223","Tue, 29 Oct 2024 09:54:08 GMT","","","","","1.1","","","","","","https://artformplasticsurgery.com/wp-content/uploads/elementor/thumbs/071224-DRCK-0895-Edit-scaled-e1730014913672-qw5z3rfuzfr47q9bmqq80fmrnegd2ou9enhkqneins.jpg","2026-06-03 20:24:39"
"https://artformplasticsurgery.com/wp-content/uploads/elementor/thumbs/071224-DRCK-0729-Edit-1-scaled-qw83mnp3g0zxoim9z27lcqul19x7v0l4i4drcsow6w.jpg","image/jpeg","200","OK","Indexable","","","0","0","","0","0","","0","","0","","0","","0","","0","","","","","","","","","","110783","110783","110783","42.439","","0","","","","","0.000","2","4","","0","0","0","0.000","0","0","0","0","0","0","","","","","","0.220","Mon, 28 Oct 2024 23:06:11 GMT","","","","","1.1","","","","","","https://artformplasticsurgery.com/wp-content/uploads/elementor/thumbs/071224-DRCK-0729-Edit-1-scaled-qw83mnp3g0zxoim9z27lcqul19x7v0l4i4drcsow6w.jpg","2026-06-03 20:24:39"
"https://artformplasticsurgery.com/wp-content/uploads/elementor/thumbs/071224-DRCK-0287-Edit-scaled-e1730586715777-qwhhtj6v8thf9vxm97uktyiawriinszuq5nrbmvsoo.jpg","image/jpeg","200","OK","Indexable","","","0","0","","0","0","","0","","0","","0","","0","","0","","","","","","","","","","71788","71788","71788","27.501","","0","","","","","0.000","2","4","","0","0","0","0.000","0","0","0","0","0","0","","","","","","0.219","Mon, 04 Nov 2024 02:02:12 GMT","","","","","1.1","","","","","","https://artformplasticsurgery.com/wp-content/uploads/elementor/thumbs/071224-DRCK-0287-Edit-scaled-e1730586715777-qwhhtj6v8thf9vxm97uktyiawriinszuq5nrbmvsoo.jpg","2026-06-03 20:24:39"
"https://artformplasticsurgery.com/wp-content/uploads/elementor/thumbs/IPL-scaled-rlqqg3poqtfo9r4helx7bqnhwz8wsncv6risvh5u60.jpg","image/jpeg","200","OK","Indexable","","","0","0","","0","0","","0","","0","","0","","0","","0","","","","","","","","","","132783","132783","132783","50.867","","0","","","","","0.000","2","4","","0","0","0","0.000","0","0","0","0","0","0","","","","","","0.218","Thu, 09 Apr 2026 06:57:24 GMT","","","","","1.1","","","","","","https://artformplasticsurgery.com/wp-content/uploads/elementor/thumbs/IPL-scaled-rlqqg3poqtfo9r4helx7bqnhwz8wsncv6risvh5u60.jpg","2026-06-03 20:24:40"
"https://artformplasticsurgery.com/wp-content/plugins/omnisend/styles/site-styles.css?1780446179&ver=1.5.5","text/css","200","OK","Indexable","","","0","0","","0","0","","0","","0","","0","","0","","0","","","","","","","","","","148","148","148","0.057","","0","","","","","0.000","2","4","","0","0","0","0.000","0","0","0","0","0","0","","","","","","0.221","Mon, 02 Dec 2024 09:41:12 GMT","","","","","1.1","","","","","","https://artformplasticsurgery.com/wp-content/plugins/omnisend/styles/site-styles.css?1780446179&ver=1.5.5","2026-06-03 20:24:40"
"https://artformplasticsurgery.com/wp-content/uploads/elementor/thumbs/071224-DRCK-0895-Edit-1-scaled-qw7lxs5st55v7zpsvrnnxgj7ap04hw8e9vm5fgzs3c.jpg","image/jpeg","200","OK","Indexable","","","0","0","","0","0","","0","","0","","0","","0","","0","","","","","","","","","","109570","109570","109570","41.974","","0","","","","","0.000","2","4","","0","0","0","0.000","0","0","0","0","0","0","","","","","","0.220","Tue, 29 Oct 2024 09:51:47 GMT","","","","","1.1","","","","","","https://artformplasticsurgery.com/wp-content/uploads/elementor/thumbs/071224-DRCK-0895-Edit-1-scaled-qw7lxs5st55v7zpsvrnnxgj7ap04hw8e9vm5fgzs3c.jpg","2026-06-03 20:24:40"
"https://artformplasticsurgery.com/wp-content/uploads/elementor/thumbs/pexels-photo-7222368-7222368-scaled-rlfjzvncwq5d1a2tghsraak0enuy0z41kpot0szv94.jpg","image/jpeg","200","OK","Indexable","","","0","0","","0","0","","0","","0","","0","","0","","0","","","","","","","","","","115551","115551","115551","44.265","","0","","","","","0.000","2","4","","0","0","0","0.000","0","0","0","0","0","0","","","","","","0.217","Thu, 02 Apr 2026 20:48:51 GMT","","","","","1.1","","","","","","https://artformplasticsurgery.com/wp-content/uploads/elementor/thumbs/pexels-photo-7222368-7222368-scaled-rlfjzvncwq5d1a2tghsraak0enuy0z41kpot0szv94.jpg","2026-06-03 20:24:40"
"https://artformplasticsurgery.com/wp-content/uploads/elementor/thumbs/pexels-photo-15785485-15785485-scaled-rlfjxecovgr4eboixx777f37z232pq9jkfpofio9o8.jpg","image/jpeg","200","OK","Indexable","","","0","0","","0","0","","0","","0","","0","","0","","0","","","","","","","","","","64949","64949","64949","24.881","","0","","","","","0.000","2","4","","0","0","0","0.000","0","0","0","0","0","0","","","","","","0.224","Thu, 02 Apr 2026 20:47:12 GMT","","","","","1.1","","","","","","https://artformplasticsurgery.com/wp-content/uploads/elementor/thumbs/pexels-photo-15785485-15785485-scaled-rlfjxecovgr4eboixx777f37z232pq9jkfpofio9o8.jpg","2026-06-03 20:24:40"
"https://artformplasticsurgery.com/wp-content/uploads/elementor/thumbs/PRP-treatments--scaled-rlqqj0zm09fse2vkbvff3034g4u0qqysx8l6mgtqt4.jpg","image/jpeg","200","OK","Indexable","","","0","0","","0","0","","0","","0","","0","","0","","0","","","","","","","","","","92298","92298","92298","35.358","","0","","","","","0.000","2","4","","0","0","0","0.000","0","0","0","0","0","0","","","","","","0.218","Thu, 09 Apr 2026 06:59:11 GMT","","","","","1.1","","","","","","https://artformplasticsurgery.com/wp-content/uploads/elementor/thumbs/PRP-treatments--scaled-rlqqj0zm09fse2vkbvff3034g4u0qqysx8l6mgtqt4.jpg","2026-06-03 20:24:40"
"https://artformplasticsurgery.com/wp-content/uploads/elementor/css/post-2496.css?ver=1780478356","text/css","200","OK","Indexable","","","0","0","","0","0","","0","","0","","0","","0","","0","","","","","","","","","","76","76","76","0.029","","0","","","","","0.000","2","4","","0","0","0","0.000","0","0","0","0","0","0","","","","","","0.221","Wed, 03 Jun 2026 09:19:16 GMT","","","","","1.1","","","","","","https://artformplasticsurgery.com/wp-content/uploads/elementor/css/post-2496.css?ver=1780478356","2026-06-03 20:24:40"
"https://artformplasticsurgery.com/wp-content/plugins/omnisend/styles/site-styles.css?1780478356&ver=1.5.5","text/css","200","OK","Indexable","","","0","0","","0","0","","0","","0","","0","","0","","0","","","","","","","","","","148","148","148","0.057","","0","","","","","0.000","2","4","","0","0","0","0.000","0","0","0","0","0","0","","","","","","0.221","Mon, 02 Dec 2024 09:41:12 GMT","","","","","1.1","","","","","","https://artformplasticsurgery.com/wp-content/plugins/omnisend/styles/site-styles.css?1780478356&ver=1.5.5","2026-06-03 20:24:40"
"https://artformplasticsurgery.com/wp-content/uploads/2024/10/071224-DRCK-1030-Edit-scaled-e1730121841699-1024x906.jpg","image/jpeg","200","OK","Indexable","","","0","0","","0","0","","0","","0","","0","","0","","0","","","","","","","","","","92427","92427","92427","35.407","","0","","","","","0.000","2","4","","0","0","0","0.000","0","0","0","0","0","0","","","","","","0.214","Mon, 28 Oct 2024 13:24:02 GMT","","","","","1.1","","","","","","https://artformplasticsurgery.com/wp-content/uploads/2024/10/071224-DRCK-1030-Edit-scaled-e1730121841699-1024x906.jpg","2026-06-03 20:24:40"
"https://artformplasticsurgery.com/wp-content/plugins/jeg-elementor-kit/assets/js/sweetalert2/sweetalert2.min.css?ver=11.6.16","text/css","200","OK","Indexable","","","0","0","","0","0","","0","","0","","0","","0","","0","","","","","","","","","","4035","4035","4035","1.546","","0","","","","","0.000","2","6","","0","0","0","0.000","0","0","0","0","0","0","","","","","","0.220","Tue, 12 May 2026 18:27:31 GMT","","","","","1.1","","","","","","https://artformplasticsurgery.com/wp-content/plugins/jeg-elementor-kit/assets/js/sweetalert2/sweetalert2.min.css?ver=11.6.16","2026-06-03 20:24:40"
"https://artformplasticsurgery.com/wp-content/uploads/2024/10/071224-DRCK-0974-Edit-scaled.jpg","image/jpeg","200","OK","Indexable","","","0","0","","0","0","","0","","0","","0","","0","","0","","","","","","","","","","303189","303189","303189","116.146","","0","","","","","0.000","2","4","","0","0","0","0.000","0","0","0","0","0","0","","","","","","0.220","Mon, 28 Oct 2024 06:14:35 GMT","","","","","1.1","","","","","","https://artformplasticsurgery.com/wp-content/uploads/2024/10/071224-DRCK-0974-Edit-scaled.jpg","2026-06-03 20:24:40"
"https://artformplasticsurgery.com/wp-content/uploads/elementor/css/post-139.css?ver=1780439676","text/css","200","OK","Indexable","","","0","0","","0","0","","0","","0","","0","","0","","0","","","","","","","","","","3489","3489","3489","1.337","","0","","","","","0.000","2","4","","0","0","0","0.000","0","0","0","0","0","0","","","","","","0.224","Tue, 02 Jun 2026 22:34:36 GMT","","","","","1.1","","","","","","https://artformplasticsurgery.com/wp-content/uploads/elementor/css/post-139.css?ver=1780439676","2026-06-03 20:24:40"
"https://artformplasticsurgery.com/wp-content/plugins/elementor/assets/lib/font-awesome/css/brands.min.css?ver=5.15.3","text/css","200","OK","Indexable","","","0","0","","0","0","","0","","0","","0","","0","","0","","","","","","","","","","312","312","312","0.120","","0","","","","","0.000","2","7","","0","0","0","0.000","0","0","0","0","0","0","","","","","","0.218","Tue, 05 May 2026 18:27:49 GMT","","","","","1.1","","","","","","https://artformplasticsurgery.com/wp-content/plugins/elementor/assets/lib/font-awesome/css/brands.min.css?ver=5.15.3","2026-06-03 20:24:40"
"https://artformplasticsurgery.com/wp-content/plugins/jeg-elementor-kit/assets/js/sweetalert2/sweetalert2.min.js?ver=11.6.16","application/x-javascript","200","OK","Indexable","","","0","0","","0","0","","0","","0","","0","","0","","0","","","","","","","","","","13549","13549","13549","5.190","","0","","","","","0.000","2","6","","0","0","0","0.000","0","0","0","0","0","0","","","","","","0.224","Tue, 12 May 2026 18:27:31 GMT","","","","","1.1","","","","","","https://artformplasticsurgery.com/wp-content/plugins/jeg-elementor-kit/assets/js/sweetalert2/sweetalert2.min.js?ver=11.6.16","2026-06-03 20:24:40"
"https://artformplasticsurgery.com/wp-content/plugins/omnisend/styles/site-styles.css?1780439676&ver=1.5.5","text/css","200","OK","Indexable","","","0","0","","0","0","","0","","0","","0","","0","","0","","","","","","","","","","148","148","148","0.057","","0","","","","","0.000","2","4","","0","0","0","0.000","0","0","0","0","0","0","","","","","","0.217","Mon, 02 Dec 2024 09:41:12 GMT","","","","","1.1","","","","","","https://artformplasticsurgery.com/wp-content/plugins/omnisend/styles/site-styles.css?1780439676&ver=1.5.5","2026-06-03 20:24:40"
"https://artformplasticsurgery.com/wp-content/plugins/jeg-elementor-kit/assets/js/elements/team.js?ver=3.1.2","application/x-javascript","200","OK","Indexable","","","0","0","","0","0","","0","","0","","0","","0","","0","","","","","","","","","","862","862","862","0.330","","0","","","","","0.000","2","6","","0","0","0","0.000","0","0","0","0","0","0","","","","","","0.222","Tue, 12 May 2026 18:27:31 GMT","","","","","1.1","","","","","","https://artformplasticsurgery.com/wp-content/plugins/jeg-elementor-kit/assets/js/elements/team.js?ver=3.1.2","2026-06-03 20:24:40"
"https://artformplasticsurgery.com/wp-content/plugins/omnisend/styles/site-styles.css?1780425384&ver=1.5.5","text/css","200","OK","Indexable","","","0","0","","0","0","","0","","0","","0","","0","","0","","","","","","","","","","148","148","148","0.057","","0","","","","","0.000","2","4","","0","0","0","0.000","0","0","0","0","0","0","","","","","","0.221","Mon, 02 Dec 2024 09:41:12 GMT","","","","","1.1","","","","","","https://artformplasticsurgery.com/wp-content/plugins/omnisend/styles/site-styles.css?1780425384&ver=1.5.5","2026-06-03 20:24:40"
"https://artformplasticsurgery.com/wp-content/uploads/2024/10/d7922f_a3650347f7e34b16ae4a5bb4f4777ddamv2-1.jpg","image/jpeg","200","OK","Indexable","","","0","0","","0","0","","0","","0","","0","","0","","0","","","","","","","","","","66275","66275","66275","25.389","","0","","","","","0.000","2","4","","1","1","0","3.130","0","0","0","0","0","0","","","","","","0.215","Sun, 27 Oct 2024 11:28:40 GMT","","","","","1.1","","","","","","https://artformplasticsurgery.com/wp-content/uploads/2024/10/d7922f_a3650347f7e34b16ae4a5bb4f4777ddamv2-1.jpg","2026-06-03 20:24:40"
"https://artformplasticsurgery.com/wp-content/uploads/2024/10/d7922f_9386a36fb38d4489aa8c2e5fe747d71fmv2.jpg","image/jpeg","200","OK","Indexable","","","0","0","","0","0","","0","","0","","0","","0","","0","","","","","","","","","","66099","66099","66099","25.321","","0","","","","","0.000","2","4","","1","1","0","3.130","0","0","0","0","0","0","","","","","","0.212","Sun, 27 Oct 2024 11:28:38 GMT","","","","","1.1","","","","","","https://artformplasticsurgery.com/wp-content/uploads/2024/10/d7922f_9386a36fb38d4489aa8c2e5fe747d71fmv2.jpg","2026-06-03 20:24:40"
"https://artformplasticsurgery.com/wp-content/uploads/2024/10/d7922f_048b47364b8e4ca1a17fbf55ff5e8edbmv2.jpg","image/jpeg","200","OK","Indexable","","","0","0","","0","0","","0","","0","","0","","0","","0","","","","","","","","","","48957","48957","48957","18.754","","0","","","","","0.000","2","4","","1","1","0","3.130","0","0","0","0","0","0","","","","","","0.216","Sun, 27 Oct 2024 11:28:35 GMT","","","","","1.1","","","","","","https://artformplasticsurgery.com/wp-content/uploads/2024/10/d7922f_048b47364b8e4ca1a17fbf55ff5e8edbmv2.jpg","2026-06-03 20:24:40"
"https://artformplasticsurgery.com/wp-content/uploads/2024/10/d7922f_d99dacde23c64ca8acb65a7b6f6596fbmv2.jpg","image/jpeg","200","OK","Indexable","","","0","0","","0","0","","0","","0","","0","","0","","0","","","","","","","","","","59131","59131","59131","22.652","","0","","","","","0.000","2","4","","1","1","0","3.130","0","0","0","0","0","0","","","","","","0.216","Sun, 27 Oct 2024 11:28:29 GMT","","","","","1.1","","","","","","https://artformplasticsurgery.com/wp-content/uploads/2024/10/d7922f_d99dacde23c64ca8acb65a7b6f6596fbmv2.jpg","2026-06-03 20:24:40"
"https://artformplasticsurgery.com/wp-content/uploads/2024/10/d7922f_507a7ef1960f4f70889e783ccbde6ba5mv2.jpg","image/jpeg","200","OK","Indexable","","","0","0","","0","0","","0","","0","","0","","0","","0","","","","","","","","","","75515","75515","75515","28.928","","0","","","","","0.000","2","4","","1","1","0","3.130","0","0","0","0","0","0","","","","","","0.223","Sun, 27 Oct 2024 11:28:21 GMT","","","","","1.1","","","","","","https://artformplasticsurgery.com/wp-content/uploads/2024/10/d7922f_507a7ef1960f4f70889e783ccbde6ba5mv2.jpg","2026-06-03 20:24:41"
"https://artformplasticsurgery.com/wp-content/uploads/elementor/css/post-1352.css?ver=1780425384","text/css","200","OK","Indexable","","","0","0","","0","0","","0","","0","","0","","0","","0","","","","","","","","","","2174","2174","2174","0.833","","0","","","","","0.000","2","4","","0","0","0","0.000","0","0","0","0","0","0","","","","","","0.217","Tue, 02 Jun 2026 18:36:24 GMT","","","","","1.1","","","","","","https://artformplasticsurgery.com/wp-content/uploads/elementor/css/post-1352.css?ver=1780425384","2026-06-03 20:24:41"
"https://artformplasticsurgery.com/wp-content/uploads/2024/10/d7922f_660cdfc33040414b8f0f2e4e4e670f5cmv2.jpg","image/jpeg","200","OK","Indexable","","","0","0","","0","0","","0","","0","","0","","0","","0","","","","","","","","","","90750","90750","90750","34.765","","0","","","","","0.000","2","4","","1","1","0","3.130","0","0","0","0","0","0","","","","","","0.218","Sun, 27 Oct 2024 11:28:19 GMT","","","","","1.1","","","","","","https://artformplasticsurgery.com/wp-content/uploads/2024/10/d7922f_660cdfc33040414b8f0f2e4e4e670f5cmv2.jpg","2026-06-03 20:24:41"
"https://artformplasticsurgery.com/wp-content/uploads/2024/10/d7922f_3d52ea989afc44d4a4380b0cc49a1048mv2.jpg","image/jpeg","200","OK","Indexable","","","0","0","","0","0","","0","","0","","0","","0","","0","","","","","","","","","","50814","50814","50814","19.466","","0","","","","","0.000","2","4","","1","1","0","3.130","0","0","0","0","0","0","","","","","","0.217","Sun, 27 Oct 2024 11:28:33 GMT","","","","","1.1","","","","","","https://artformplasticsurgery.com/wp-content/uploads/2024/10/d7922f_3d52ea989afc44d4a4380b0cc49a1048mv2.jpg","2026-06-03 20:24:41"
"https://artformplasticsurgery.com/wp-content/uploads/2024/10/d7922f_fd304a61454040ac83917a6c43c4257cmv2-1.jpg","image/jpeg","200","OK","Indexable","","","0","0","","0","0","","0","","0","","0","","0","","0","","","","","","","","","","63929","63929","63929","24.490","","0","","","","","0.000","2","4","","1","1","0","3.130","0","0","0","0","0","0","","","","","","0.224","Sun, 27 Oct 2024 11:28:31 GMT","","","","","1.1","","","","","","https://artformplasticsurgery.com/wp-content/uploads/2024/10/d7922f_fd304a61454040ac83917a6c43c4257cmv2-1.jpg","2026-06-03 20:24:41"
"https://artformplasticsurgery.com/wp-content/plugins/elementor/assets/css/widget-image-gallery.min.css?ver=4.0.6","text/css","200","OK","Indexable","","","0","0","","0","0","","0","","0","","0","","0","","0","","","","","","","","","","360","360","360","0.138","","0","","","","","0.000","2","5","","0","0","0","0.000","0","0","0","0","0","0","","","","","","0.221","Tue, 05 May 2026 18:27:49 GMT","","","","","1.1","","","","","","https://artformplasticsurgery.com/wp-content/plugins/elementor/assets/css/widget-image-gallery.min.css?ver=4.0.6","2026-06-03 20:24:41"
"https://artformplasticsurgery.com/wp-content/uploads/elementor/css/post-2547.css?ver=1780506263","text/css","200","OK","Indexable","","","0","0","","0","0","","0","","0","","0","","0","","0","","","","","","","","","","4248","4248","4248","1.627","","0","","","","","0.000","2","4","","0","0","0","0.000","0","0","0","0","0","0","","","","","","0.221","Wed, 03 Jun 2026 17:04:23 GMT","","","","","1.1","","","","","","https://artformplasticsurgery.com/wp-content/uploads/elementor/css/post-2547.css?ver=1780506263","2026-06-03 20:24:41"
"https://artformplasticsurgery.com/wp-content/uploads/elementor/thumbs/PRP-for-treatment-of-hairloss-scaled-rlqpnm7rmkephzti2nab77rl1wr1z3bcesse8ocenc.jpg","image/jpeg","200","OK","Indexable","","","0","0","","0","0","","0","","0","","0","","0","","0","","","","","","","","","","96602","96602","96602","37.006","","0","","","","","0.000","2","4","","0","0","0","0.000","0","0","0","0","0","0","","","","","","0.219","Thu, 09 Apr 2026 06:39:06 GMT","","","","","1.1","","","","","","https://artformplasticsurgery.com/wp-content/uploads/elementor/thumbs/PRP-for-treatment-of-hairloss-scaled-rlqpnm7rmkephzti2nab77rl1wr1z3bcesse8ocenc.jpg","2026-06-03 20:24:41"
"https://artformplasticsurgery.com/wp-content/uploads/elementor/thumbs/PDO-threads-for-hair-loss-scaled-rlqpq87mlzzdr00ytrx04k1ogfvrctoi3q0y8ch1d4.jpg","image/jpeg","200","OK","Indexable","","","0","0","","0","0","","0","","0","","0","","0","","0","","","","","","","","","","177235","177235","177235","67.895","","0","","","","","0.000","2","4","","0","0","0","0.000","0","0","0","0","0","0","","","","","","0.234","Thu, 09 Apr 2026 06:43:45 GMT","","","","","1.1","","","","","","https://artformplasticsurgery.com/wp-content/uploads/elementor/thumbs/PDO-threads-for-hair-loss-scaled-rlqpq87mlzzdr00ytrx04k1ogfvrctoi3q0y8ch1d4.jpg","2026-06-03 20:24:41"
"https://artformplasticsurgery.com/wp-content/uploads/elementor/thumbs/Hair-Transplant-rlqq05ear1kcatm4w2b8g1wu6uz8lt2i4txglhrfoo.jpg","image/jpeg","200","OK","Indexable","","","0","0","","0","0","","0","","0","","0","","0","","0","","","","","","","","","","98146","98146","98146","37.598","","0","","","","","0.000","2","4","","0","0","0","0.000","0","0","0","0","0","0","","","","","","0.230","Thu, 09 Apr 2026 06:46:57 GMT","","","","","1.1","","","","","","https://artformplasticsurgery.com/wp-content/uploads/elementor/thumbs/Hair-Transplant-rlqq05ear1kcatm4w2b8g1wu6uz8lt2i4txglhrfoo.jpg","2026-06-03 20:24:41"
"https://artformplasticsurgery.com/wp-content/plugins/omnisend/styles/site-styles.css?1780520667&ver=1.5.5","text/css","200","OK","Indexable","","","0","0","","0","0","","0","","0","","0","","0","","0","","","","","","","","","","148","148","148","0.057","","0","","","","","0.000","2","4","","0","0","0","0.000","0","0","0","0","0","0","","","","","","0.226","Mon, 02 Dec 2024 09:41:12 GMT","","","","","1.1","","","","","","https://artformplasticsurgery.com/wp-content/plugins/omnisend/styles/site-styles.css?1780520667&ver=1.5.5","2026-06-03 20:24:41"
"https://artformplasticsurgery.com/wp-content/plugins/elementor/assets/css/widget-google_maps.min.css?ver=4.0.6","text/css","200","OK","Indexable","","","0","0","","0","0","","0","","0","","0","","0","","0","","","","","","","","","","261","261","261","0.100","","0","","","","","0.000","2","5","","0","0","0","0.000","0","0","0","0","0","0","","","","","","0.219","Tue, 05 May 2026 18:27:49 GMT","","","","","1.1","","","","","","https://artformplasticsurgery.com/wp-content/plugins/elementor/assets/css/widget-google_maps.min.css?ver=4.0.6","2026-06-03 20:24:41"
"https://artformplasticsurgery.com/wp-content/plugins/omnisend/styles/site-styles.css?1780447635&ver=1.5.5","text/css","200","OK","Indexable","","","0","0","","0","0","","0","","0","","0","","0","","0","","","","","","","","","","148","148","148","0.057","","0","","","","","0.000","2","4","","0","0","0","0.000","0","0","0","0","0","0","","","","","","0.228","Mon, 02 Dec 2024 09:41:12 GMT","","","","","1.1","","","","","","https://artformplasticsurgery.com/wp-content/plugins/omnisend/styles/site-styles.css?1780447635&ver=1.5.5","2026-06-03 20:24:41"
"https://artformplasticsurgery.com/wp-content/plugins/wpforms-lite/assets/lib/mailcheck.min.js?ver=1.1.2","application/x-javascript","200","OK","Indexable","","","0","0","","0","0","","0","","0","","0","","0","","0","","","","","","","","","","1697","1697","1697","0.650","","0","","","","","0.000","2","5","","0","0","0","0.000","0","0","0","0","0","0","","","","","","0.223","Thu, 28 May 2026 14:11:51 GMT","","","","","1.1","","","","","","https://artformplasticsurgery.com/wp-content/plugins/wpforms-lite/assets/lib/mailcheck.min.js?ver=1.1.2","2026-06-03 20:24:41"
"https://artformplasticsurgery.com/wp-content/uploads/elementor/css/post-141.css?ver=1780447635","text/css","200","OK","Indexable","","","0","0","","0","0","","0","","0","","0","","0","","0","","","","","","","","","","1634","1634","1634","0.626","","0","","","","","0.000","2","4","","0","0","0","0.000","0","0","0","0","0","0","","","","","","0.231","Wed, 03 Jun 2026 00:47:15 GMT","","","","","1.1","","","","","","https://artformplasticsurgery.com/wp-content/uploads/elementor/css/post-141.css?ver=1780447635","2026-06-03 20:24:41"
"https://artformplasticsurgery.com/wp-includes/js/wp-util.min.js?ver=6.6.5","application/x-javascript","200","OK","Indexable","","","0","0","","0","0","","0","","0","","0","","0","","0","","","","","","","","","","757","757","757","0.290","","0","","","","","0.000","2","2","","0","0","0","0.000","0","0","0","0","0","0","","","","","","0.218","Tue, 17 Mar 2026 18:24:06 GMT","","","","","1.1","","","","","","https://artformplasticsurgery.com/wp-includes/js/wp-util.min.js?ver=6.6.5","2026-06-03 20:24:41"
"https://artformplasticsurgery.com/wp-content/plugins/wpforms-lite/assets/lib/punycode.min.js?ver=1.0.0","application/x-javascript","200","OK","Indexable","","","0","0","","0","0","","0","","0","","0","","0","","0","","","","","","","","","","876","876","876","0.336","","0","","","","","0.000","2","5","","0","0","0","0.000","0","0","0","0","0","0","","","","","","0.215","Thu, 28 May 2026 14:11:51 GMT","","","","","1.1","","","","","","https://artformplasticsurgery.com/wp-content/plugins/wpforms-lite/assets/lib/punycode.min.js?ver=1.0.0","2026-06-03 20:24:41"
"https://artformplasticsurgery.com/wp-includes/js/underscore.min.js?ver=1.13.4","application/x-javascript","200","OK","Indexable","","","0","0","","0","0","","0","","0","","0","","0","","0","","","","","","","","","","7314","7314","7314","2.802","","0","","","","","0.000","2","2","","0","0","0","0.000","0","0","0","0","0","0","","","","","","0.224","Mon, 21 Oct 2024 17:28:03 GMT","","","","","1.1","","","","","","https://artformplasticsurgery.com/wp-includes/js/underscore.min.js?ver=1.13.4","2026-06-03 20:24:41"
"https://artformplasticsurgery.com/wp-content/plugins/wpforms-lite/assets/js/integrations/elementor/frontend.min.js?ver=1.10.1","application/x-javascript","200","OK","Indexable","","","0","0","","0","0","","0","","0","","0","","0","","0","","","","","","","","","","598","598","598","0.229","","0","","","","","0.000","2","7","","0","0","0","0.000","0","0","0","0","0","0","","","","","","0.222","Thu, 28 May 2026 14:11:51 GMT","","","","","1.1","","","","","","https://artformplasticsurgery.com/wp-content/plugins/wpforms-lite/assets/js/integrations/elementor/frontend.min.js?ver=1.10.1","2026-06-03 20:24:41"
"https://artformplasticsurgery.com/wp-content/plugins/wpforms-lite/assets/lib/jquery.validate.min.js?ver=1.21.0","application/x-javascript","200","OK","Indexable","","","0","0","","0","0","","0","","0","","0","","0","","0","","","","","","","","","","8063","8063","8063","3.089","","0","","","","","0.000","2","5","","0","0","0","0.000","0","0","0","0","0","0","","","","","","0.223","Thu, 28 May 2026 14:11:51 GMT","","","","","1.1","","","","","","https://artformplasticsurgery.com/wp-content/plugins/wpforms-lite/assets/lib/jquery.validate.min.js?ver=1.21.0","2026-06-03 20:24:41"
"https://artformplasticsurgery.com/wp-content/plugins/wpforms-lite/assets/js/frontend/fields/address.min.js?ver=1.10.1","application/x-javascript","200","OK","Indexable","","","0","0","","0","0","","0","","0","","0","","0","","0","","","","","","","","","","738","738","738","0.283","","0","","","","","0.000","2","7","","0","0","0","0.000","0","0","0","0","0","0","","","","","","0.234","Thu, 28 May 2026 14:11:51 GMT","","","","","1.1","","","","","","https://artformplasticsurgery.com/wp-content/plugins/wpforms-lite/assets/js/frontend/fields/address.min.js?ver=1.10.1","2026-06-03 20:24:41"
"https://artformplasticsurgery.com/wp-content/plugins/wpforms-lite/assets/js/share/utils.min.js?ver=1.10.1","application/x-javascript","200","OK","Indexable","","","0","0","","0","0","","0","","0","","0","","0","","0","","","","","","","","","","805","805","805","0.308","","0","","","","","0.000","2","6","","0","0","0","0.000","0","0","0","0","0","0","","","","","","0.215","Thu, 28 May 2026 14:11:51 GMT","","","","","1.1","","","","","","https://artformplasticsurgery.com/wp-content/plugins/wpforms-lite/assets/js/share/utils.min.js?ver=1.10.1","2026-06-03 20:24:42"
"https://artformplasticsurgery.com/wp-content/plugins/wpforms-lite/assets/js/frontend/wpforms.min.js?ver=1.10.1","application/x-javascript","200","OK","Indexable","","","0","0","","0","0","","0","","0","","0","","0","","0","","","","","","","","","","15368","15368","15368","5.887","","0","","","","","0.000","2","6","","0","0","0","0.000","0","0","0","0","0","0","","","","","","0.221","Thu, 28 May 2026 14:11:51 GMT","","","","","1.1","","","","","","https://artformplasticsurgery.com/wp-content/plugins/wpforms-lite/assets/js/frontend/wpforms.min.js?ver=1.10.1","2026-06-03 20:24:42"
"https://artformplasticsurgery.com/wp-content/plugins/wpforms-lite/assets/images/submit-spin.svg","image/svg+xml","200","OK","Indexable","","","0","0","","0","0","","0","","0","","0","","0","","0","","","","","","","","","","346","346","346","0.133","","0","","","","","0.000","2","5","","0","0","0","0.000","0","0","0","0","0","0","","","","","","0.222","Thu, 28 May 2026 14:11:51 GMT","","","","","1.1","","","","","","https://artformplasticsurgery.com/wp-content/plugins/wpforms-lite/assets/images/submit-spin.svg","2026-06-03 20:24:42"
"https://artformplasticsurgery.com/wp-content/plugins/omnisend/styles/site-styles.css?1780456069&ver=1.5.5","text/css","200","OK","Indexable","","","0","0","","0","0","","0","","0","","0","","0","","0","","","","","","","","","","148","148","148","0.057","","0","","","","","0.000","2","4","","0","0","0","0.000","0","0","0","0","0","0","","","","","","0.213","Mon, 02 Dec 2024 09:41:12 GMT","","","","","1.1","","","","","","https://artformplasticsurgery.com/wp-content/plugins/omnisend/styles/site-styles.css?1780456069&ver=1.5.5","2026-06-03 20:24:42"
"https://artformplasticsurgery.com/wp-content/uploads/elementor/css/post-1016.css?ver=1780456069","text/css","200","OK","Indexable","","","0","0","","0","0","","0","","0","","0","","0","","0","","","","","","","","","","541","541","541","0.207","","0","","","","","0.000","2","4","","0","0","0","0.000","0","0","0","0","0","0","","","","","","0.221","Wed, 03 Jun 2026 03:07:49 GMT","","","","","1.1","","","","","","https://artformplasticsurgery.com/wp-content/uploads/elementor/css/post-1016.css?ver=1780456069","2026-06-03 20:24:42"
"https://artformplasticsurgery.com/wp-content/plugins/elementor/assets/css/widget-divider.min.css?ver=4.0.6","text/css","200","OK","Indexable","","","0","0","","0","0","","0","","0","","0","","0","","0","","","","","","","","","","735","735","735","0.282","","0","","","","","0.000","2","5","","0","0","0","0.000","0","0","0","0","0","0","","","","","","0.219","Tue, 05 May 2026 18:27:49 GMT","","","","","1.1","","","","","","https://artformplasticsurgery.com/wp-content/plugins/elementor/assets/css/widget-divider.min.css?ver=4.0.6","2026-06-03 20:24:42"
"https://artformplasticsurgery.com/wp-content/uploads/elementor/css/post-2549.css?ver=1780426086","text/css","200","OK","Indexable","","","0","0","","0","0","","0","","0","","0","","0","","0","","","","","","","","","","3936","3936","3936","1.508","","0","","","","","0.000","2","4","","0","0","0","0.000","0","0","0","0","0","0","","","","","","0.220","Tue, 02 Jun 2026 18:48:06 GMT","","","","","1.1","","","","","","https://artformplasticsurgery.com/wp-content/uploads/elementor/css/post-2549.css?ver=1780426086","2026-06-03 20:24:42"
"https://artformplasticsurgery.com/wp-content/uploads/elementor/thumbs/071224-DRCK-1232-Edit-scaled-e1730497924674-qwfpf734y5tp42ri1gegh9ph1necayenshicq18z6w.jpg","image/jpeg","200","OK","Indexable","","","0","0","","0","0","","0","","0","","0","","0","","0","","","","","","","","","","81085","81085","81085","31.062","","0","","","","","0.000","2","4","","0","0","0","0.000","0","0","0","0","0","0","","","","","","0.217","Fri, 01 Nov 2024 21:53:14 GMT","","","","","1.1","","","","","","https://artformplasticsurgery.com/wp-content/uploads/elementor/thumbs/071224-DRCK-1232-Edit-scaled-e1730497924674-qwfpf734y5tp42ri1gegh9ph1necayenshicq18z6w.jpg","2026-06-03 20:24:42"
"https://artformplasticsurgery.com/wp-content/uploads/2024/10/facelift-1.png","image/png","200","OK","Indexable","","","0","0","","0","0","","0","","0","","0","","0","","0","","","","","","","","","","10733","10733","10733","4.112","","0","","","","","0.000","2","4","","0","0","0","0.000","0","0","0","0","0","0","","","","","","0.215","Wed, 23 Oct 2024 14:04:30 GMT","","","","","1.1","","","","","","https://artformplasticsurgery.com/wp-content/uploads/2024/10/facelift-1.png","2026-06-03 20:24:42"
"https://artformplasticsurgery.com/wp-content/uploads/elementor/thumbs/071224-DRCK-0484-Edit-scaled-qw7luewmbiiqp3xcvnvvflgpwapdd5wnm8guguxmaw.jpg","image/jpeg","200","OK","Indexable","","","0","0","","0","0","","0","","0","","0","","0","","0","","","","","","","","","","63416","63416","63416","24.293","","0","","","","","0.000","2","4","","0","0","0","0.000","0","0","0","0","0","0","","","","","","0.218","Thu, 31 Oct 2024 20:55:52 GMT","","","","","1.1","","","","","","https://artformplasticsurgery.com/wp-content/uploads/elementor/thumbs/071224-DRCK-0484-Edit-scaled-qw7luewmbiiqp3xcvnvvflgpwapdd5wnm8guguxmaw.jpg","2026-06-03 20:24:42"
"https://artformplasticsurgery.com/wp-content/plugins/omnisend/styles/site-styles.css?1780532674&ver=1.5.5","text/css","200","OK","Indexable","","","0","0","","0","0","","0","","0","","0","","0","","0","","","","","","","","","","148","148","148","0.057","","0","","","","","0.000","2","4","","0","0","0","0.000","0","0","0","0","0","0","","","","","","0.218","Mon, 02 Dec 2024 09:41:12 GMT","","","","","1.1","","","","","","https://artformplasticsurgery.com/wp-content/plugins/omnisend/styles/site-styles.css?1780532674&ver=1.5.5","2026-06-03 20:24:42"
"https://artformplasticsurgery.com/wp-content/uploads/elementor/thumbs/071224-DRCK-0264-Edit-scaled-qwhdf87e8aqt0x74z52mc6ykhwvor5kwrnb6l2jsiw.jpg","image/jpeg","200","OK","Indexable","","","0","0","","0","0","","0","","0","","0","","0","","0","","","","","","","","","","84484","84484","84484","32.364","","0","","","","","0.000","2","4","","0","0","0","0.000","0","0","0","0","0","0","","","","","","0.214","Sat, 02 Nov 2024 20:51:11 GMT","","","","","1.1","","","","","","https://artformplasticsurgery.com/wp-content/uploads/elementor/thumbs/071224-DRCK-0264-Edit-scaled-qwhdf87e8aqt0x74z52mc6ykhwvor5kwrnb6l2jsiw.jpg","2026-06-03 20:24:42"
"https://artformplasticsurgery.com/wp-content/plugins/omnisend/styles/site-styles.css?1780426086&ver=1.5.5","text/css","200","OK","Indexable","","","0","0","","0","0","","0","","0","","0","","0","","0","","","","","","","","","","148","148","148","0.057","","0","","","","","0.000","2","4","","0","0","0","0.000","0","0","0","0","0","0","","","","","","0.224","Mon, 02 Dec 2024 09:41:12 GMT","","","","","1.1","","","","","","https://artformplasticsurgery.com/wp-content/plugins/omnisend/styles/site-styles.css?1780426086&ver=1.5.5","2026-06-03 20:24:42"
"https://artformplasticsurgery.com/wp-includes/js/dist/vendor/react.min.js?ver=18.3.1","application/x-javascript","200","OK","Indexable","","","0","0","","0","0","","0","","0","","0","","0","","0","","","","","","","","","","2649","2649","2649","1.015","","0","","","","","0.000","2","4","","0","0","0","0.000","0","0","0","0","0","0","","","","","","0.222","Mon, 21 Oct 2024 17:28:03 GMT","","","","","1.1","","","","","","https://artformplasticsurgery.com/wp-includes/js/dist/vendor/react.min.js?ver=18.3.1","2026-06-03 20:24:42"
"https://artformplasticsurgery.com/wp-includes/js/dist/element.min.js?ver=cb762d190aebbec25b27","application/x-javascript","200","OK","Indexable","","","0","0","","0","0","","0","","0","","0","","0","","0","","","","","","","","","","4961","4961","4961","1.900","","0","","","","","0.000","2","3","","0","0","0","0.000","0","0","0","0","0","0","","","","","","0.220","Mon, 21 Oct 2024 17:28:03 GMT","","","","","1.1","","","","","","https://artformplasticsurgery.com/wp-includes/js/dist/element.min.js?ver=cb762d190aebbec25b27","2026-06-03 20:24:42"
"https://artformplasticsurgery.com/wp-content/uploads/elementor/thumbs/071224-DRCK-0237-Edit-scaled-qw7ltcd8jb1zh3hc4p863d6tjhzblknnsxpxsiire0.jpg","image/jpeg","200","OK","Indexable","","","0","0","","0","0","","0","","0","","0","","0","","0","","","","","","","","","","78511","78511","78511","30.076","","0","","","","","0.000","2","4","","0","0","0","0.000","0","0","0","0","0","0","","","","","","0.221","Thu, 31 Oct 2024 20:53:26 GMT","","","","","1.1","","","","","","https://artformplasticsurgery.com/wp-content/uploads/elementor/thumbs/071224-DRCK-0237-Edit-scaled-qw7ltcd8jb1zh3hc4p863d6tjhzblknnsxpxsiire0.jpg","2026-06-03 20:24:42"
"https://artformplasticsurgery.com/wp-includes/js/dist/vendor/react-dom.min.js?ver=18.3.1","application/x-javascript","200","OK","Indexable","","","0","0","","0","0","","0","","0","","0","","0","","0","","","","","","","","","","42878","42878","42878","16.426","","0","","","","","0.000","2","4","","0","0","0","0.000","0","0","0","0","0","0","","","","","","0.222","Mon, 21 Oct 2024 17:28:03 GMT","","","","","1.1","","","","","","https://artformplasticsurgery.com/wp-includes/js/dist/vendor/react-dom.min.js?ver=18.3.1","2026-06-03 20:24:42"
"https://artformplasticsurgery.com/wp-content/uploads/2024/10/nose.png","image/png","200","OK","Indexable","","","0","0","","0","0","","0","","0","","0","","0","","0","","","","","","","","","","4903","4903","4903","1.878","","0","","","","","0.000","2","4","","0","0","0","0.000","0","0","0","0","0","0","","","","","","0.220","Wed, 23 Oct 2024 14:04:15 GMT","","","","","1.1","","","","","","https://artformplasticsurgery.com/wp-content/uploads/2024/10/nose.png","2026-06-03 20:24:42"
"https://artformplasticsurgery.com/wp-content/uploads/elementor/thumbs/Screenshot-2026-04-08-at-22.37.08-rlqn0oilcyg4vtpwflytd67l4wogjmfbcwqxal3v3c.png","image/png","200","OK","Indexable","","","0","0","","0","0","","0","","0","","0","","0","","0","","","","","","","","","","762609","762609","762609","292.141","","0","","","","","0.000","2","4","","0","0","0","0.000","0","0","0","0","0","0","","","","","","0.221","Thu, 09 Apr 2026 05:38:45 GMT","","","","","1.1","","","","","","https://artformplasticsurgery.com/wp-content/uploads/elementor/thumbs/Screenshot-2026-04-08-at-22.37.08-rlqn0oilcyg4vtpwflytd67l4wogjmfbcwqxal3v3c.png","2026-06-03 20:24:42"
"https://artformplasticsurgery.com/wp-content/plugins/metform/public/assets/css/metform-ui.css?ver=4.1.3","text/css","200","OK","Indexable","","","0","0","","0","0","","0","","0","","0","","0","","0","","","","","","","","","","15313","15313","15313","5.866","","0","","","","","0.000","2","6","","0","0","0","0.000","0","0","0","0","0","0","","","","","","0.219","Tue, 28 Apr 2026 18:29:32 GMT","","","","","1.1","","","","","","https://artformplasticsurgery.com/wp-content/plugins/metform/public/assets/css/metform-ui.css?ver=4.1.3","2026-06-03 20:24:42"
"https://artformplasticsurgery.com/wp-content/uploads/elementor/css/post-1553.css?ver=1780506264","text/css","200","OK","Indexable","","","0","0","","0","0","","0","","0","","0","","0","","0","","","","","","","","","","5819","5819","5819","2.229","","0","","","","","0.000","2","4","","0","0","0","0.000","0","0","0","0","0","0","","","","","","0.218","Wed, 03 Jun 2026 17:04:24 GMT","","","","","1.1","","","","","","https://artformplasticsurgery.com/wp-content/uploads/elementor/css/post-1553.css?ver=1780506264","2026-06-03 20:24:42"
"https://artformplasticsurgery.com/wp-content/uploads/elementor/thumbs/071224-DRCK-1159-Edit-scaled-qw5ysvh5titet5e3jdxvkgvj617wd4ntpsgfkchqnc.jpg","image/jpeg","200","OK","Indexable","","","0","0","","0","0","","0","","0","","0","","0","","0","","","","","","","","","","61214","61214","61214","23.450","","0","","","","","0.000","2","4","","0","0","0","0.000","0","0","0","0","0","0","","","","","","0.223","Thu, 31 Oct 2024 20:53:42 GMT","","","","","1.1","","","","","","https://artformplasticsurgery.com/wp-content/uploads/elementor/thumbs/071224-DRCK-1159-Edit-scaled-qw5ysvh5titet5e3jdxvkgvj617wd4ntpsgfkchqnc.jpg","2026-06-03 20:24:42"
"https://artformplasticsurgery.com/wp-content/plugins/metform/public/assets/js/htm.js?ver=4.1.3","application/x-javascript","200","OK","Indexable","","","0","0","","0","0","","0","","0","","0","","0","","0","","","","","","","","","","680","680","680","0.260","","0","","","","","0.000","2","6","","0","0","0","0.000","0","0","0","0","0","0","","","","","","0.221","Tue, 28 Apr 2026 18:29:32 GMT","","","","","1.1","","","","","","https://artformplasticsurgery.com/wp-content/plugins/metform/public/assets/js/htm.js?ver=4.1.3","2026-06-03 20:24:43"
"https://artformplasticsurgery.com/wp-content/uploads/elementor/thumbs/071224-DRCK-1119-Edit-scaled-e1730580050592-qwhczicjy186vo12rch7n5r2vycq1d6hxukvohusko.jpg","image/jpeg","200","OK","Indexable","","","0","0","","0","0","","0","","0","","0","","0","","0","","","","","","","","","","72381","72381","72381","27.728","","0","","","","","0.000","2","4","","0","0","0","0.000","0","0","0","0","0","0","","","","","","0.219","Sat, 02 Nov 2024 20:41:03 GMT","","","","","1.1","","","","","","https://artformplasticsurgery.com/wp-content/uploads/elementor/thumbs/071224-DRCK-1119-Edit-scaled-e1730580050592-qwhczicjy186vo12rch7n5r2vycq1d6hxukvohusko.jpg","2026-06-03 20:24:43"
"https://artformplasticsurgery.com/wp-content/plugins/metform/public/assets/css/style.css?ver=4.1.3","text/css","200","OK","Indexable","","","0","0","","0","0","","0","","0","","0","","0","","0","","","","","","","","","","4931","4931","4931","1.889","","0","","","","","0.000","2","6","","0","0","0","0.000","0","0","0","0","0","0","","","","","","0.223","Tue, 28 Apr 2026 18:29:32 GMT","","","","","1.1","","","","","","https://artformplasticsurgery.com/wp-content/plugins/metform/public/assets/css/style.css?ver=4.1.3","2026-06-03 20:24:43"
"https://artformplasticsurgery.com/wp-content/plugins/elementor/assets/lib/font-awesome/css/regular.min.css?ver=5.15.3","text/css","200","OK","Indexable","","","0","0","","0","0","","0","","0","","0","","0","","0","","","","","","","","","","310","310","310","0.119","","0","","","","","0.000","2","7","","0","0","0","0.000","0","0","0","0","0","0","","","","","","0.219","Tue, 05 May 2026 18:27:49 GMT","","","","","1.1","","","","","","https://artformplasticsurgery.com/wp-content/plugins/elementor/assets/lib/font-awesome/css/regular.min.css?ver=5.15.3","2026-06-03 20:24:43"
"https://artformplasticsurgery.com/payment-plans","text/html; charset=UTF-8","301","Moved Permanently","Non-Indexable","Redirected","","0","0","","0","0","","0","","0","","0","","0","","0","","","","","","","","","","0","0","0","0.000","","0","","","","","0.000","2","0","","6","6","0","18.750","0","0","0","0","0","0","","","","","","0.460","","https://artformplasticsurgery.com/payment-plans/","HTTP Redirect","","","1.1","","","","","","https://artformplasticsurgery.com/payment-plans","2026-06-03 20:24:43"
"https://artformplasticsurgery.com/wp-content/uploads/elementor/thumbs/071224-DRCK-0959-Edit-scaled-qw7lwpmf0xnz2sl7gnn1j0la67do6j119lvkp7iz3c.jpg","image/jpeg","200","OK","Indexable","","","0","0","","0","0","","0","","0","","0","","0","","0","","","","","","","","","","94123","94123","94123","36.057","","0","","","","","0.000","2","4","","0","0","0","0.000","0","0","0","0","0","0","","","","","","0.214","Thu, 31 Oct 2024 20:55:42 GMT","","","","","1.1","","","","","","https://artformplasticsurgery.com/wp-content/uploads/elementor/thumbs/071224-DRCK-0959-Edit-scaled-qw7lwpmf0xnz2sl7gnn1j0la67do6j119lvkp7iz3c.jpg","2026-06-03 20:24:43"
"https://artformplasticsurgery.com/wp-content/uploads/2024/10/facelift.png","image/png","200","OK","Indexable","","","0","0","","0","0","","0","","0","","0","","0","","0","","","","","","","","","","10733","10733","10733","4.112","","0","","","","","0.000","2","4","","0","0","0","0.000","0","0","0","0","0","0","","","","","","0.222","Wed, 23 Oct 2024 14:04:30 GMT","","","","","1.1","","","","","","https://artformplasticsurgery.com/wp-content/uploads/2024/10/facelift.png","2026-06-03 20:24:43"
"https://artformplasticsurgery.com/wp-includes/js/dist/escape-html.min.js?ver=6561a406d2d232a6fbd2","application/x-javascript","200","OK","Indexable","","","0","0","","0","0","","0","","0","","0","","0","","0","","","","","","","","","","534","534","534","0.205","","0","","","","","0.000","2","3","","0","0","0","0.000","0","0","0","0","0","0","","","","","","0.070","Mon, 21 Oct 2024 17:28:03 GMT","","","","","1.1","","","","","","https://artformplasticsurgery.com/wp-includes/js/dist/escape-html.min.js?ver=6561a406d2d232a6fbd2","2026-06-03 20:24:43"
"https://artformplasticsurgery.com/wp-content/uploads/elementor/thumbs/Screenshot-2026-04-08-at-22.46.28-rlqnehr7sbcthjnms2wgi6qfdqlmni9bl9us5ymlns.png","image/png","200","OK","Indexable","","","0","0","","0","0","","0","","0","","0","","0","","0","","","","","","","","","","890231","890231","890231","341.031","","0","","","","","0.000","2","4","","0","0","0","0.000","0","0","0","0","0","0","","","","","","0.220","Thu, 09 Apr 2026 06:02:47 GMT","","","","","1.1","","","","","","https://artformplasticsurgery.com/wp-content/uploads/elementor/thumbs/Screenshot-2026-04-08-at-22.46.28-rlqnehr7sbcthjnms2wgi6qfdqlmni9bl9us5ymlns.png","2026-06-03 20:24:43"
"https://artformplasticsurgery.com/wp-content/plugins/metform/public/assets/js/app.js?ver=4.1.3","application/x-javascript","200","OK","Indexable","","","0","0","","0","0","","0","","0","","0","","0","","0","","","","","","","","","","160829","160829","160829","61.611","","0","","","","","0.000","2","6","","0","0","0","0.000","0","0","0","0","0","0","","","","","","0.233","Tue, 28 Apr 2026 18:29:32 GMT","","","","","1.1","","","","","","https://artformplasticsurgery.com/wp-content/plugins/metform/public/assets/js/app.js?ver=4.1.3","2026-06-03 20:24:43"
"https://artformplasticsurgery.com/wp-content/plugins/metform/public/assets/js/recaptcha-support.js?ver=4.1.3","application/x-javascript","200","OK","Indexable","","","0","0","","0","0","","0","","0","","0","","0","","0","","","","","","","","","","141","141","141","0.054","","0","","","","","0.000","2","6","","0","0","0","0.000","0","0","0","0","0","0","","","","","","0.213","Tue, 28 Apr 2026 18:29:32 GMT","","","","","1.1","","","","","","https://artformplasticsurgery.com/wp-content/plugins/metform/public/assets/js/recaptcha-support.js?ver=4.1.3","2026-06-03 20:24:43"
"https://artformplasticsurgery.com/wp-content/uploads/elementor/thumbs/071224-DRCK-0744-Edit-scaled-qw5yggztn7u7mdemyiy363jl00cjswfboekslwvqqw.jpg","image/jpeg","200","OK","Indexable","","","0","0","","0","0","","0","","0","","0","","0","","0","","","","","","","","","","80317","80317","80317","30.768","","0","","","","","0.000","2","4","","0","0","0","0.000","0","0","0","0","0","0","","","","","","0.222","Thu, 09 Apr 2026 05:55:21 GMT","","","","","1.1","","","","","","https://artformplasticsurgery.com/wp-content/uploads/elementor/thumbs/071224-DRCK-0744-Edit-scaled-qw5yggztn7u7mdemyiy363jl00cjswfboekslwvqqw.jpg","2026-06-03 20:24:43"
"https://artformplasticsurgery.com/wp-content/uploads/elementor/css/post-2860.css?ver=1780488898","text/css","200","OK","Indexable","","","0","0","","0","0","","0","","0","","0","","0","","0","","","","","","","","","","1184","1184","1184","0.454","","0","","","","","0.000","3","4","","0","0","0","0.000","0","0","0","0","0","0","","","","","","0.213","Wed, 03 Jun 2026 12:14:58 GMT","","","","","1.1","","","","","","https://artformplasticsurgery.com/wp-content/uploads/elementor/css/post-2860.css?ver=1780488898","2026-06-03 20:24:43"
"https://artformplasticsurgery.com/category/uncategorized/","text/html; charset=UTF-8","200","OK","Indexable","","Uncategorized - artformplasticsurgery.com","41","382","","0","0","","0","Uncategorized","13","","0","Scar Revision: Minimizing Scars for Smoother, Natural-Looking Skin","66","Rhinoplasty (Nose Job): Sculpting Confidence and Facial Harmony","63","max-image-preview:large","","","https://artformplasticsurgery.com/category/uncategorized/","https://artformplasticsurgery.com/category/uncategorized/page/2/","","","","","185184","32670","32670","12.515","","861","140","6.150","46.426","Hard","3.461","3","2","","34","6","0","18.750","99","29","0","2","2","0","","","","","a79bb3726e831c7f4aa894cbbcbf1384","0.216","","","","","en-US","1.1","","","","","","https://artformplasticsurgery.com/category/uncategorized/","2026-06-03 20:24:43"
"https://artformplasticsurgery.com/wp-content/uploads/elementor/css/post-2120.css?ver=1780488898","text/css","200","OK","Indexable","","","0","0","","0","0","","0","","0","","0","","0","","0","","","","","","","","","","893","893","893","0.342","","0","","","","","0.000","3","4","","0","0","0","0.000","0","0","0","0","0","0","","","","","","0.224","Wed, 03 Jun 2026 12:14:58 GMT","","","","","1.1","","","","","","https://artformplasticsurgery.com/wp-content/uploads/elementor/css/post-2120.css?ver=1780488898","2026-06-03 20:24:43"
"https://artformplasticsurgery.com/author/davidico247/","text/html; charset=UTF-8","200","OK","Indexable","","davidico247 - artformplasticsurgery.com","39","360","","0","0","","0","davidico247","11","","0","Scar Revision: Minimizing Scars for Smoother, Natural-Looking Skin","66","Contact","7","max-image-preview:large","","","https://artformplasticsurgery.com/author/davidico247/","","","","","","150241","28154","28154","10.785","","100","19","5.263","45.829","Hard","0.855","3","2","","6","3","0","9.380","43","18","0","2","2","0","","","","","27603026275caf3dad3a80cd1c0ab317","0.216","","","","","en-US","1.1","","","","","","https://artformplasticsurgery.com/author/davidico247/","2026-06-03 20:24:43"
"https://artformplasticsurgery.com/wp-content/uploads/elementor/css/post-2158.css?ver=1780488898","text/css","200","OK","Indexable","","","0","0","","0","0","","0","","0","","0","","0","","0","","","","","","","","","","1188","1188","1188","0.455","","0","","","","","0.000","3","4","","0","0","0","0.000","0","0","0","0","0","0","","","","","","0.217","Wed, 03 Jun 2026 12:14:58 GMT","","","","","1.1","","","","","","https://artformplasticsurgery.com/wp-content/uploads/elementor/css/post-2158.css?ver=1780488898","2026-06-03 20:24:43"
"https://artformplasticsurgery.com/wp-content/uploads/elementor/css/post-2153.css?ver=1780488898","text/css","200","OK","Indexable","","","0","0","","0","0","","0","","0","","0","","0","","0","","","","","","","","","","1198","1198","1198","0.459","","0","","","","","0.000","3","4","","0","0","0","0.000","0","0","0","0","0","0","","","","","","0.223","Wed, 03 Jun 2026 12:14:58 GMT","","","","","1.1","","","","","","https://artformplasticsurgery.com/wp-content/uploads/elementor/css/post-2153.css?ver=1780488898","2026-06-03 20:24:43"
"https://artformplasticsurgery.com/wp-content/plugins/omnisend/styles/site-styles.css?1780532680&ver=1.5.5","text/css","200","OK","Indexable","","","0","0","","0","0","","0","","0","","0","","0","","0","","","","","","","","","","148","148","148","0.057","","0","","","","","0.000","3","4","","0","0","0","0.000","0","0","0","0","0","0","","","","","","0.071","Mon, 02 Dec 2024 09:41:12 GMT","","","","","1.1","","","","","","https://artformplasticsurgery.com/wp-content/plugins/omnisend/styles/site-styles.css?1780532680&ver=1.5.5","2026-06-03 20:24:44"
"https://artformplasticsurgery.com/wp-content/uploads/elementor/css/post-2108.css?ver=1780488898","text/css","200","OK","Indexable","","","0","0","","0","0","","0","","0","","0","","0","","0","","","","","","","","","","1182","1182","1182","0.453","","0","","","","","0.000","3","4","","0","0","0","0.000","0","0","0","0","0","0","","","","","","0.071","Wed, 03 Jun 2026 12:14:58 GMT","","","","","1.1","","","","","","https://artformplasticsurgery.com/wp-content/uploads/elementor/css/post-2108.css?ver=1780488898","2026-06-03 20:24:44"
"https://artformplasticsurgery.com/wp-content/plugins/omnisend/styles/site-styles.css?1780446827&ver=1.5.5","text/css","200","OK","Indexable","","","0","0","","0","0","","0","","0","","0","","0","","0","","","","","","","","","","148","148","148","0.057","","0","","","","","0.000","3","4","","0","0","0","0.000","0","0","0","0","0","0","","","","","","0.213","Mon, 02 Dec 2024 09:41:12 GMT","","","","","1.1","","","","","","https://artformplasticsurgery.com/wp-content/plugins/omnisend/styles/site-styles.css?1780446827&ver=1.5.5","2026-06-03 20:24:44"
"https://artformplasticsurgery.com/wp-content/uploads/elementor/google-fonts/css/anticdidone.css?ver=1750895943","text/css","200","OK","Indexable","","","0","0","","0","0","","0","","0","","0","","0","","0","","","","","","","","","","310","310","310","0.119","","0","","","","","0.000","3","5","","0","0","0","0.000","0","0","0","0","0","0","","","","","","0.222","Wed, 25 Jun 2025 23:59:03 GMT","","","","","1.1","","","","","","https://artformplasticsurgery.com/wp-content/uploads/elementor/google-fonts/css/anticdidone.css?ver=1750895943","2026-06-03 20:24:44"
"https://artformplasticsurgery.com/wp-content/uploads/elementor/css/post-2163.css?ver=1780446827","text/css","200","OK","Indexable","","","0","0","","0","0","","0","","0","","0","","0","","0","","","","","","","","","","1181","1181","1181","0.452","","0","","","","","0.000","3","4","","0","0","0","0.000","0","0","0","0","0","0","","","","","","0.220","Wed, 03 Jun 2026 00:33:47 GMT","","","","","1.1","","","","","","https://artformplasticsurgery.com/wp-content/uploads/elementor/css/post-2163.css?ver=1780446827","2026-06-03 20:24:44"
"https://artformplasticsurgery.com/wp-content/plugins/omnisend/styles/site-styles.css?1780426966&ver=1.5.5","text/css","200","OK","Indexable","","","0","0","","0","0","","0","","0","","0","","0","","0","","","","","","","","","","148","148","148","0.057","","0","","","","","0.000","4","4","","0","0","0","0.000","0","0","0","0","0","0","","","","","","0.218","Mon, 02 Dec 2024 09:41:12 GMT","","","","","1.1","","","","","","https://artformplasticsurgery.com/wp-content/plugins/omnisend/styles/site-styles.css?1780426966&ver=1.5.5","2026-06-03 20:24:44"
"https://artformplasticsurgery.com/wp-includes/js/comment-reply.min.js?ver=6.6.5","application/x-javascript","200","OK","Indexable","","","0","0","","0","0","","0","","0","","0","","0","","0","","","","","","","","","","1349","1349","1349","0.517","","0","","","","","0.000","3","2","","0","0","0","0.000","0","0","0","0","0","0","","","","","","0.219","Mon, 21 Oct 2024 17:28:03 GMT","","","","","1.1","","","","","","https://artformplasticsurgery.com/wp-includes/js/comment-reply.min.js?ver=6.6.5","2026-06-03 20:24:44"
"https://artformplasticsurgery.com/wp-content/uploads/2024/11/071224-DRCK-1232-Edit-scaled-e1730497924674-1024x716.jpg","image/jpeg","200","OK","Indexable","","","0","0","","0","0","","0","","0","","0","","0","","0","","","","","","","","","","90686","90686","90686","34.740","","0","","","","","0.000","4","4","","0","0","0","0.000","0","0","0","0","0","0","","","","","","0.214","Fri, 01 Nov 2024 21:52:06 GMT","","","","","1.1","","","","","","https://artformplasticsurgery.com/wp-content/uploads/2024/11/071224-DRCK-1232-Edit-scaled-e1730497924674-1024x716.jpg","2026-06-03 20:24:44"
"https://artformplasticsurgery.com/wp-content/uploads/2024/11/071224-DRCK-0015-Edit-2-scaled-e1731100443763-1024x763.jpg","image/jpeg","200","OK","Indexable","","","0","0","","0","0","","0","","0","","0","","0","","0","","","","","","","","","","131489","131489","131489","50.371","","0","","","","","0.000","4","4","","0","0","0","0.000","0","0","0","0","0","0","","","","","","0.216","Fri, 08 Nov 2024 21:14:04 GMT","","","","","1.1","","","","","","https://artformplasticsurgery.com/wp-content/uploads/2024/11/071224-DRCK-0015-Edit-2-scaled-e1731100443763-1024x763.jpg","2026-06-03 20:24:44"
"https://artformplasticsurgery.com/wp-content/uploads/2024/10/071224-DRCK-0484-Edit-683x1024.jpg","image/jpeg","200","OK","Indexable","","","0","0","","0","0","","0","","0","","0","","0","","0","","","","","","","","","","58918","58918","58918","22.570","","0","","","","","0.000","4","4","","0","0","0","0.000","0","0","0","0","0","0","","","","","","0.222","Mon, 28 Oct 2024 06:11:46 GMT","","","","","1.1","","","","","","https://artformplasticsurgery.com/wp-content/uploads/2024/10/071224-DRCK-0484-Edit-683x1024.jpg","2026-06-03 20:24:44"
"https://artformplasticsurgery.com/wp-content/plugins/omnisend/styles/site-styles.css?1780472760&ver=1.5.5","text/css","200","OK","Indexable","","","0","0","","0","0","","0","","0","","0","","0","","0","","","","","","","","","","148","148","148","0.057","","0","","","","","0.000","4","4","","0","0","0","0.000","0","0","0","0","0","0","","","","","","0.218","Mon, 02 Dec 2024 09:41:12 GMT","","","","","1.1","","","","","","https://artformplasticsurgery.com/wp-content/plugins/omnisend/styles/site-styles.css?1780472760&ver=1.5.5","2026-06-03 20:24:44"
"https://artformplasticsurgery.com/browlift-restore-a-youthful-look-with-a-smooth-elevated-brow/","text/html; charset=UTF-8","200","OK","Indexable","","Browlift: Restore a Youthful Look with a Smooth, Elevated Brow - artformplasticsurgery.com","90","815","Our Blog Home Blog A browlift, also known as a forehead lift, is a popular cosmetic procedure that reduces forehead lines and wrinkles while lifting the brows to a youthful, elevated position. By addressing drooping brows and signs of aging in the upper face, a browlift rejuvenates the appearance and restores natural facial balance. The","338","2065","","0","Browlift: Restore a Youthful Look with a Smooth, Elevated Brow","62","","0","Our Blog","8","Contact","7","max-image-preview:large","","","https://artformplasticsurgery.com/browlift-restore-a-youthful-look-with-a-smooth-elevated-brow/","","","","","","208401","43267","43267","16.575","","1035","195","5.308","53.745","Fairly Hard","3.520","4","1","","11","3","0","9.380","38","16","0","2","2","0","","","","","63414c727aa6ea5e4144b42d507a2776","0.216","","","","","en-US","1.1","","","","","","https://artformplasticsurgery.com/browlift-restore-a-youthful-look-with-a-smooth-elevated-brow/","2026-06-03 20:24:44"
"https://artformplasticsurgery.com/wp-content/uploads/2024/10/071224-DRCK-0579-Edit-1024x683.jpg","image/jpeg","200","OK","Indexable","","","0","0","","0","0","","0","","0","","0","","0","","0","","","","","","","","","","69713","69713","69713","26.706","","0","","","","","0.000","4","4","","0","0","0","0.000","0","0","0","0","0","0","","","","","","0.227","Sun, 27 Oct 2024 07:37:42 GMT","","","","","1.1","","","","","","https://artformplasticsurgery.com/wp-content/uploads/2024/10/071224-DRCK-0579-Edit-1024x683.jpg","2026-06-03 20:24:44"
"https://artformplasticsurgery.com/wp-content/uploads/2024/10/071224-DRCK-0237-Edit-1024x683.jpg","image/jpeg","200","OK","Indexable","","","0","0","","0","0","","0","","0","","0","","0","","0","","","","","","","","","","82232","82232","82232","31.502","","0","","","","","0.000","4","4","","0","0","0","0.000","0","0","0","0","0","0","","","","","","0.070","Mon, 28 Oct 2024 06:11:05 GMT","","","","","1.1","","","","","","https://artformplasticsurgery.com/wp-content/uploads/2024/10/071224-DRCK-0237-Edit-1024x683.jpg","2026-06-03 20:24:44"
"https://artformplasticsurgery.com/mohs-reconstruction-restoring-natural-beauty-after-skin-cancer-removal/","text/html; charset=UTF-8","200","OK","Indexable","","Mohs Reconstruction: Restoring Natural Beauty after Skin Cancer Removal - artformplasticsurgery.com","99","915","Our Blog Home Blog Mohs reconstruction is a specialized procedure that restores the appearance of areas affected by skin cancer removal, particularly on the face. Following a Mohs procedure, which removes cancerous tissue layer by layer, Mohs reconstruction focuses on reconstructing the surgical site to achieve the most natural-looking results while minimizing visible scarring. Often","386","2383","","0","Mohs Reconstruction: Restoring Natural Beauty after Skin Cancer Removal","71","","0","Our Blog","8","Contact","7","max-image-preview:large","","","https://artformplasticsurgery.com/mohs-reconstruction-restoring-natural-beauty-after-skin-cancer-removal/","","","","","","210862","43658","43658","16.725","","1240","232","5.345","47.629","Hard","4.308","4","1","","11","3","0","9.380","38","16","0","2","2","0","","","","","30839b03a60c5ef7f704d2701c25fa67","0.219","","","","","en-US","1.1","","","","","","https://artformplasticsurgery.com/mohs-reconstruction-restoring-natural-beauty-after-skin-cancer-removal/","2026-06-03 20:24:44"
"https://artformplasticsurgery.com/blepharoplasty-eyelid-lift-refresh-and-brighten-your-eyes-with-a-youthful-look/","text/html; charset=UTF-8","200","OK","Indexable","","Blepharoplasty (Eyelid Lift): Refresh and Brighten Your Eyes with a Youthful Look - artformplasticsurgery.com","109","967","Our Blog Home Blog Blepharoplasty, commonly known as an “eyelid lift,” is a surgical procedure that removes excess skin, fat, and wrinkles from the upper and lower eyelids, resulting in a rejuvenated, alert appearance. This popular cosmetic surgery helps eliminate the look of tired, puffy eyes and restores youthful contours to the eye area. With","347","2110","","0","Blepharoplasty (Eyelid Lift): Refresh and Brighten Your Eyes with a Youthful Look","81","","0","Our Blog","8","Contact","7","max-image-preview:large","","","https://artformplasticsurgery.com/blepharoplasty-eyelid-lift-refresh-and-brighten-your-eyes-with-a-youthful-look/","","","","","","209982","43603","43603","16.703","","1265","222","5.698","50.711","Fairly Hard","4.269","4","1","","11","3","0","9.380","38","16","0","2","2","0","","","","","639425ebd3af2da23d0e84977d1b1386","0.221","","","","","en-US","1.1","","","","","","https://artformplasticsurgery.com/blepharoplasty-eyelid-lift-refresh-and-brighten-your-eyes-with-a-youthful-look/","2026-06-03 20:24:44"
"https://artformplasticsurgery.com/wp-content/uploads/2024/10/071224-DRCK-0895-Edit-scaled-e1730014913672-801x1024.jpg","image/jpeg","200","OK","Indexable","","","0","0","","0","0","","0","","0","","0","","0","","0","","","","","","","","","","91956","91956","91956","35.227","","0","","","","","0.000","4","4","","0","0","0","0.000","0","0","0","0","0","0","","","","","","0.223","Sun, 27 Oct 2024 07:41:54 GMT","","","","","1.1","","","","","","https://artformplasticsurgery.com/wp-content/uploads/2024/10/071224-DRCK-0895-Edit-scaled-e1730014913672-801x1024.jpg","2026-06-03 20:24:44"
"https://artformplasticsurgery.com/author/artformpsyahoo-com/","text/html; charset=UTF-8","200","OK","Indexable","","artformps@yahoo.com - artformplasticsurgery.com","47","457","","0","0","","0","artformps@yahoo.com","19","","0","Rhinoplasty (Nose Job): Sculpting Confidence and Facial Harmony","63","Split Earlobe Repair: Restore the Natural Look of Your Earlobes","63","max-image-preview:large","","","https://artformplasticsurgery.com/author/artformpsyahoo-com/","https://artformplasticsurgery.com/author/artformpsyahoo-com/page/2/","","","","","187724","33079","33079","12.672","","863","145","5.952","46.299","Hard","3.447","4","2","","31","4","0","12.500","100","28","0","2","2","0","","","","","e7934163c0d388ad9f30011550372e94","0.072","","","","","en-US","1.1","","","","","","https://artformplasticsurgery.com/author/artformpsyahoo-com/","2026-06-03 20:24:44"
"https://artformplasticsurgery.com/wp-content/uploads/2024/11/071224-DRCK-1119-Edit-scaled-e1730580050592-1024x881.jpg","image/jpeg","200","OK","Indexable","","","0","0","","0","0","","0","","0","","0","","0","","0","","","","","","","","","","91008","91008","91008","34.863","","0","","","","","0.000","4","4","","0","0","0","0.000","0","0","0","0","0","0","","","","","","0.228","Sat, 02 Nov 2024 20:40:52 GMT","","","","","1.1","","","","","","https://artformplasticsurgery.com/wp-content/uploads/2024/11/071224-DRCK-1119-Edit-scaled-e1730580050592-1024x881.jpg","2026-06-03 20:24:44"
"https://artformplasticsurgery.com/wp-content/uploads/2024/10/071224-DRCK-87-1024x683.jpg","image/jpeg","200","OK","Indexable","","","0","0","","0","0","","0","","0","","0","","0","","0","","","","","","","","","","81356","81356","81356","31.166","","0","","","","","0.000","4","4","","0","0","0","0.000","0","0","0","0","0","0","","","","","","0.089","Tue, 29 Oct 2024 19:55:44 GMT","","","","","1.1","","","","","","https://artformplasticsurgery.com/wp-content/uploads/2024/10/071224-DRCK-87-1024x683.jpg","2026-06-03 20:24:45"
"https://artformplasticsurgery.com/wp-content/uploads/2024/10/071224-DRCK-1151-Edit-1024x683.jpg","image/jpeg","200","OK","Indexable","","","0","0","","0","0","","0","","0","","0","","0","","0","","","","","","","","","","68151","68151","68151","26.107","","0","","","","","0.000","4","4","","0","0","0","0.000","0","0","0","0","0","0","","","","","","0.232","Mon, 28 Oct 2024 06:17:53 GMT","","","","","1.1","","","","","","https://artformplasticsurgery.com/wp-content/uploads/2024/10/071224-DRCK-1151-Edit-1024x683.jpg","2026-06-03 20:24:44"
"https://artformplasticsurgery.com/category/uncategorized/page/2/","text/html; charset=UTF-8","200","OK","Non-Indexable","noindex","Uncategorized - artformplasticsurgery.com - Page 2","50","460","- Page 2","8","50","","0","Uncategorized","13","","0","Nasal Breathing Procedures: Achieve Lasting Relief from Nasal Obstruction","73","Mole and Skin Tag Removal: Restore Smooth, Clear Skin","53","noindex, nofollow, max-image-preview:large","","","https://artformplasticsurgery.com/category/uncategorized/page/2/","","https://artformplasticsurgery.com/category/uncategorized/","","","","165128","29941","29941","11.470","","359","65","5.523","46.875","Hard","1.882","4","4","","5","2","0","6.250","64","22","0","2","2","0","","","","","ffea2a952529c75010ceb1939f4be98","0.531","","","","","en-US","1.1","","","","","","https://artformplasticsurgery.com/category/uncategorized/page/2/","2026-06-03 20:24:44"
"https://artformplasticsurgery.com/wp-content/uploads/2024/10/071224-DRCK-0895-Edit-1-1024x683.jpg","image/jpeg","200","OK","Indexable","","","0","0","","0","0","","0","","0","","0","","0","","0","","","","","","","","","","109923","109923","109923","42.109","","0","","","","","0.000","5","4","","0","0","0","0.000","0","0","0","0","0","0","","","","","","0.219","Mon, 28 Oct 2024 06:13:54 GMT","","","","","1.1","","","","","","https://artformplasticsurgery.com/wp-content/uploads/2024/10/071224-DRCK-0895-Edit-1-1024x683.jpg","2026-06-03 20:24:45"
"https://artformplasticsurgery.com/wp-content/uploads/2024/10/071224-DRCK-0974-Edit-683x1024.jpg","image/jpeg","200","OK","Indexable","","","0","0","","0","0","","0","","0","","0","","0","","0","","","","","","","","","","69704","69704","69704","26.702","","0","","","","","0.000","5","4","","0","0","0","0.000","0","0","0","0","0","0","","","","","","0.070","Mon, 28 Oct 2024 06:14:38 GMT","","","","","1.1","","","","","","https://artformplasticsurgery.com/wp-content/uploads/2024/10/071224-DRCK-0974-Edit-683x1024.jpg","2026-06-03 20:24:45"
"https://artformplasticsurgery.com/wp-content/plugins/omnisend/styles/site-styles.css?1780452656&ver=1.5.5","text/css","200","OK","Indexable","","","0","0","","0","0","","0","","0","","0","","0","","0","","","","","","","","","","148","148","148","0.057","","0","","","","","0.000","5","4","","0","0","0","0.000","0","0","0","0","0","0","","","","","","0.217","Mon, 02 Dec 2024 09:41:12 GMT","","","","","1.1","","","","","","https://artformplasticsurgery.com/wp-content/plugins/omnisend/styles/site-styles.css?1780452656&ver=1.5.5","2026-06-03 20:24:45"
"https://artformplasticsurgery.com/lip-lift-enhance-your-smile-and-achieve-fuller-youthful-lips/","text/html; charset=UTF-8","200","OK","Indexable","","Lip Lift: Enhance Your Smile and Achieve Fuller, Youthful Lips - artformplasticsurgery.com","90","798","Our Blog Home Blog Fat grafting, also known as autologous fat transfer, is a revolutionary cosmetic procedure that utilizes your body’s natural fat to restore volume and contour to the face. This minimally invasive technique allows for the removal of fat from areas such as the abdomen, thighs, or flanks, which is then purified and","332","2025","","0","Lip Lift: Enhance Your Smile and Achieve Fuller, Youthful Lips","62","","0","Our Blog","8","Contact","7","max-image-preview:large","","","https://artformplasticsurgery.com/lip-lift-enhance-your-smile-and-achieve-fuller-youthful-lips/","","","","","","209418","43691","43691","16.737","","1278","224","5.705","57.926","Fairly Hard","4.208","4","1","","11","3","0","9.380","38","16","0","2","2","0","","","","","f3e29dce58a9f9899df5b810145ee01f","0.401","","","","","en-US","1.1","","","","","","https://artformplasticsurgery.com/lip-lift-enhance-your-smile-and-achieve-fuller-youthful-lips/","2026-06-03 20:24:44"
"https://artformplasticsurgery.com/wp-content/plugins/omnisend/styles/site-styles.css?1780532686&ver=1.5.5","text/css","200","OK","Indexable","","","0","0","","0","0","","0","","0","","0","","0","","0","","","","","","","","","","148","148","148","0.057","","0","","","","","0.000","5","4","","0","0","0","0.000","0","0","0","0","0","0","","","","","","0.074","Mon, 02 Dec 2024 09:41:12 GMT","","","","","1.1","","","","","","https://artformplasticsurgery.com/wp-content/plugins/omnisend/styles/site-styles.css?1780532686&ver=1.5.5","2026-06-03 20:24:45"
"https://artformplasticsurgery.com/author/artformpsyahoo-com/page/2/","text/html; charset=UTF-8","200","OK","Non-Indexable","noindex","artformps@yahoo.com - artformplasticsurgery.com - Page 2","56","535","- Page 2","8","50","","0","artformps@yahoo.com","19","","0","Mole and Skin Tag Removal: Restore Smooth, Clear Skin","53","Otoplasty (Ear Pinning): Enhance Facial Harmony with Natural-Looking Results","76","noindex, nofollow, max-image-preview:large","","","https://artformplasticsurgery.com/author/artformpsyahoo-com/page/2/","","https://artformplasticsurgery.com/author/artformpsyahoo-com/","","","","162815","29889","29889","11.450","","276","52","5.308","48.493","Hard","1.548","5","4","","5","2","0","6.250","58","21","0","2","2","0","","","","","e1b99a458a22e661d888b2b7f5103edf","0.218","","","","","en-US","1.1","","","","","","https://artformplasticsurgery.com/author/artformpsyahoo-com/page/2/","2026-06-03 20:24:45"
"https://artformplasticsurgery.com/wp-content/uploads/2024/10/071224-DRCK-0287-Edit-scaled-e1730586715777-944x1024.jpg","image/jpeg","200","OK","Indexable","","","0","0","","0","0","","0","","0","","0","","0","","0","","","","","","","","","","81426","81426","81426","31.193","","0","","","","","0.000","5","4","","0","0","0","0.000","0","0","0","0","0","0","","","","","","0.222","Sat, 02 Nov 2024 22:31:57 GMT","","","","","1.1","","","","","","https://artformplasticsurgery.com/wp-content/uploads/2024/10/071224-DRCK-0287-Edit-scaled-e1730586715777-944x1024.jpg","2026-06-03 20:24:45"
"https://artformplasticsurgery.com/wp-content/plugins/omnisend/styles/site-styles.css?1780532685&ver=1.5.5","text/css","200","OK","Indexable","","","0","0","","0","0","","0","","0","","0","","0","","0","","","","","","","","","","148","148","148","0.057","","0","","","","","0.000","5","4","","0","0","0","0.000","0","0","0","0","0","0","","","","","","0.218","Mon, 02 Dec 2024 09:41:12 GMT","","","","","1.1","","","","","","https://artformplasticsurgery.com/wp-content/plugins/omnisend/styles/site-styles.css?1780532685&ver=1.5.5","2026-06-03 20:24:45"
"https://artformplasticsurgery.com/wp-content/plugins/omnisend/styles/site-styles.css?1780475077&ver=1.5.5","text/css","200","OK","Indexable","","","0","0","","0","0","","0","","0","","0","","0","","0","","","","","","","","","","148","148","148","0.057","","0","","","","","0.000","5","4","","0","0","0","0.000","0","0","0","0","0","0","","","","","","0.070","Mon, 02 Dec 2024 09:41:12 GMT","","","","","1.1","","","","","","https://artformplasticsurgery.com/wp-content/plugins/omnisend/styles/site-styles.css?1780475077&ver=1.5.5","2026-06-03 20:24:45"
"https://artformplasticsurgery.com/wp-content/uploads/elementor/css/post-2145.css?ver=1780488898","text/css","200","OK","Indexable","","","0","0","","0","0","","0","","0","","0","","0","","0","","","","","","","","","","1185","1185","1185","0.454","","0","","","","","0.000","5","4","","0","0","0","0.000","0","0","0","0","0","0","","","","","","0.217","Wed, 03 Jun 2026 12:14:58 GMT","","","","","1.1","","","","","","https://artformplasticsurgery.com/wp-content/uploads/elementor/css/post-2145.css?ver=1780488898","2026-06-03 20:24:45"
"https://artformplasticsurgery.com/nasal-breathing-procedures-achieve-lasting-relief-from-nasal-obstruction/","text/html; charset=UTF-8","200","OK","Indexable","","Nasal Breathing Procedures: Achieve Lasting Relief from Nasal Obstruction - artformplasticsurgery.com","101","923","Our Blog Home Blog Nasal obstruction, often due to anatomical blockages in the nose, can hinder airflow and create feelings of congestion or “stuffiness.” While home remedies and medications may provide temporary relief, true and lasting improvement is achieved by addressing the underlying causes of the obstruction. Nasal breathing procedures, such as Latera implants, VivAer,","378","2352","","0","Nasal Breathing Procedures: Achieve Lasting Relief from Nasal Obstruction","73","","0","Our Blog","8","Contact","7","max-image-preview:large","","","https://artformplasticsurgery.com/nasal-breathing-procedures-achieve-lasting-relief-from-nasal-obstruction/","","","","","","208328","43545","43545","16.681","","1249","237","5.270","40.956","Hard","4.465","5","1","","11","3","0","9.380","38","16","0","2","2","0","","","","","f494a92c71ab1afe4fc32878996895db","0.216","","","","","en-US","1.1","","","","","","https://artformplasticsurgery.com/nasal-breathing-procedures-achieve-lasting-relief-from-nasal-obstruction/","2026-06-03 20:24:45"
"https://artformplasticsurgery.com/wp-content/uploads/elementor/css/post-2173.css?ver=1780475077","text/css","200","OK","Indexable","","","0","0","","0","0","","0","","0","","0","","0","","0","","","","","","","","","","1183","1183","1183","0.453","","0","","","","","0.000","5","4","","0","0","0","0.000","0","0","0","0","0","0","","","","","","0.219","Wed, 03 Jun 2026 08:24:37 GMT","","","","","1.1","","","","","","https://artformplasticsurgery.com/wp-content/uploads/elementor/css/post-2173.css?ver=1780475077","2026-06-03 20:24:45"
"https://artformplasticsurgery.com/wp-content/uploads/elementor/css/post-2140.css?ver=1780446415","text/css","200","OK","Indexable","","","0","0","","0","0","","0","","0","","0","","0","","0","","","","","","","","","","1185","1185","1185","0.454","","0","","","","","0.000","5","4","","0","0","0","0.000","0","0","0","0","0","0","","","","","","0.222","Wed, 03 Jun 2026 00:26:55 GMT","","","","","1.1","","","","","","https://artformplasticsurgery.com/wp-content/uploads/elementor/css/post-2140.css?ver=1780446415","2026-06-03 20:24:45"
"https://artformplasticsurgery.com/wp-content/plugins/omnisend/styles/site-styles.css?1780434241&ver=1.5.5","text/css","200","OK","Indexable","","","0","0","","0","0","","0","","0","","0","","0","","0","","","","","","","","","","148","148","148","0.057","","0","","","","","0.000","5","4","","0","0","0","0.000","0","0","0","0","0","0","","","","","","0.067","Mon, 02 Dec 2024 09:41:12 GMT","","","","","1.1","","","","","","https://artformplasticsurgery.com/wp-content/plugins/omnisend/styles/site-styles.css?1780434241&ver=1.5.5","2026-06-03 20:24:45"
"https://artformplasticsurgery.com/wp-content/plugins/omnisend/styles/site-styles.css?1780446415&ver=1.5.5","text/css","200","OK","Indexable","","","0","0","","0","0","","0","","0","","0","","0","","0","","","","","","","","","","148","148","148","0.057","","0","","","","","0.000","5","4","","0","0","0","0.000","0","0","0","0","0","0","","","","","","0.213","Mon, 02 Dec 2024 09:41:12 GMT","","","","","1.1","","","","","","https://artformplasticsurgery.com/wp-content/plugins/omnisend/styles/site-styles.css?1780446415&ver=1.5.5","2026-06-03 20:24:45"
"https://artformplasticsurgery.com/wp-content/uploads/elementor/css/post-2168.css?ver=1780434241","text/css","200","OK","Indexable","","","0","0","","0","0","","0","","0","","0","","0","","0","","","","","","","","","","1185","1185","1185","0.454","","0","","","","","0.000","5","4","","0","0","0","0.000","0","0","0","0","0","0","","","","","","0.221","Tue, 02 Jun 2026 21:04:01 GMT","","","","","1.1","","","","","","https://artformplasticsurgery.com/wp-content/uploads/elementor/css/post-2168.css?ver=1780434241","2026-06-03 20:24:45"
"https://artformplasticsurgery.com/wp-content/uploads/elementor/css/post-2130.css?ver=1780425181","text/css","200","OK","Indexable","","","0","0","","0","0","","0","","0","","0","","0","","0","","","","","","","","","","1185","1185","1185","0.454","","0","","","","","0.000","6","4","","0","0","0","0.000","0","0","0","0","0","0","","","","","","0.219","Tue, 02 Jun 2026 18:33:01 GMT","","","","","1.1","","","","","","https://artformplasticsurgery.com/wp-content/uploads/elementor/css/post-2130.css?ver=1780425181","2026-06-03 20:24:45"
"https://artformplasticsurgery.com/wp-content/plugins/omnisend/styles/site-styles.css?1780425181&ver=1.5.5","text/css","200","OK","Indexable","","","0","0","","0","0","","0","","0","","0","","0","","0","","","","","","","","","","148","148","148","0.057","","0","","","","","0.000","6","4","","0","0","0","0.000","0","0","0","0","0","0","","","","","","0.216","Mon, 02 Dec 2024 09:41:12 GMT","","","","","1.1","","","","","","https://artformplasticsurgery.com/wp-content/plugins/omnisend/styles/site-styles.css?1780425181&ver=1.5.5","2026-06-03 20:24:45"
"https://artformplasticsurgery.com/wp-content/plugins/omnisend/styles/site-styles.css?1780425189&ver=1.5.5","text/css","200","OK","Indexable","","","0","0","","0","0","","0","","0","","0","","0","","0","","","","","","","","","","148","148","148","0.057","","0","","","","","0.000","6","4","","0","0","0","0.000","0","0","0","0","0","0","","","","","","0.214","Mon, 02 Dec 2024 09:41:12 GMT","","","","","1.1","","","","","","https://artformplasticsurgery.com/wp-content/plugins/omnisend/styles/site-styles.css?1780425189&ver=1.5.5","2026-06-03 20:24:45"
